"統計年月","縣市","行政區域","戶數","總人數","女性","男性","少年人口","青年人口","壯年人口","老年人口","女性比例","男性比例","少年人口比例","青年人口比例","壯年人口比例","老年人口比例"
10407,"高雄市","阿蓮區阿蓮里",1863,5906,2982,2924,1291,1916,2135,564,0.5049,0.4951,0.2186,0.3244,0.3615,0.0955
10407,"高雄市","阿蓮區峯山里",495,1458,694,764,294,421,543,200,0.476,0.524,0.2016,0.2888,0.3724,0.1372
10407,"高雄市","阿蓮區復安里",614,1963,985,978,394,544,768,257,0.5018,0.4982,0.2007,0.2771,0.3912,0.1309
10407,"高雄市","阿蓮區崗山里",294,911,465,446,161,267,330,153,0.5104,0.4896,0.1767,0.2931,0.3622,0.1679
10407,"高雄市","阿蓮區港後里",775,2516,1234,1282,523,790,923,280,0.4905,0.5095,0.2079,0.314,0.3669,0.1113
10407,"高雄市","阿蓮區和蓮里",869,2825,1390,1435,635,855,1037,298,0.492,0.508,0.2248,0.3027,0.3671,0.1055
10407,"高雄市","阿蓮區南蓮里",1157,3549,1769,1780,757,1111,1266,415,0.4985,0.5015,0.2133,0.313,0.3567,0.1169
10407,"高雄市","阿蓮區青旗里",593,1794,896,898,370,523,668,233,0.4994,0.5006,0.2062,0.2915,0.3724,0.1299
10407,"高雄市","阿蓮區清蓮里",1015,3263,1632,1631,708,1010,1168,377,0.5002,0.4998,0.217,0.3095,0.358,0.1155
10407,"高雄市","阿蓮區石安里",513,1529,755,774,267,456,582,224,0.4938,0.5062,0.1746,0.2982,0.3806,0.1465
10407,"高雄市","阿蓮區玉庫里",441,1244,566,678,248,360,468,168,0.455,0.545,0.1994,0.2894,0.3762,0.135
10407,"高雄市","阿蓮區中路里",734,2419,1189,1230,503,712,850,354,0.4915,0.5085,0.2079,0.2943,0.3514,0.1463
10407,"高雄市","大寮區潮寮里",1143,3495,1657,1838,648,1094,1342,411,0.4741,0.5259,0.1854,0.313,0.384,0.1176
10407,"高雄市","大寮區大寮里",2800,7893,3845,4048,1643,2615,2950,685,0.4871,0.5129,0.2082,0.3313,0.3737,0.0868
10407,"高雄市","大寮區光武里",108,214,102,112,25,47,96,46,0.4766,0.5234,0.1168,0.2196,0.4486,0.215
10407,"高雄市","大寮區過溪里",1095,2889,1383,1506,549,991,1101,248,0.4787,0.5213,0.19,0.343,0.3811,0.0858
10407,"高雄市","大寮區後庄里",3201,8730,4411,4319,1827,2903,3243,757,0.5053,0.4947,0.2093,0.3325,0.3715,0.0867
10407,"高雄市","大寮區會結里",695,1808,839,969,312,605,696,195,0.464,0.536,0.1726,0.3346,0.385,0.1079
10407,"高雄市","大寮區會社里",2896,7063,3396,3667,1343,2165,2845,710,0.4808,0.5192,0.1901,0.3065,0.4028,0.1005
10407,"高雄市","大寮區江山里",751,2123,1038,1085,407,689,833,194,0.4889,0.5111,0.1917,0.3245,0.3924,0.0914
10407,"高雄市","大寮區拷潭里",610,1615,768,847,232,524,652,207,0.4755,0.5245,0.1437,0.3245,0.4037,0.1282
10407,"高雄市","大寮區琉球里",1685,4993,2422,2571,963,1708,1889,433,0.4851,0.5149,0.1929,0.3421,0.3783,0.0867
10407,"高雄市","大寮區內坑里",2663,6634,3175,3459,1395,2191,2537,511,0.4786,0.5214,0.2103,0.3303,0.3824,0.077
10407,"高雄市","大寮區前庄里",911,2627,1277,1350,436,848,1057,286,0.4861,0.5139,0.166,0.3228,0.4024,0.1089
10407,"高雄市","大寮區三隆里",1897,5253,2531,2722,953,1665,2056,579,0.4818,0.5182,0.1814,0.317,0.3914,0.1102
10407,"高雄市","大寮區山頂里",3159,8645,4271,4374,1766,2634,3408,837,0.494,0.506,0.2043,0.3047,0.3942,0.0968
10407,"高雄市","大寮區上寮里",951,2738,1296,1442,541,873,1055,269,0.4733,0.5267,0.1976,0.3188,0.3853,0.0982
10407,"高雄市","大寮區翁園里",1455,4411,2108,2303,946,1469,1641,355,0.4779,0.5221,0.2145,0.333,0.372,0.0805
10407,"高雄市","大寮區溪寮里",572,1762,816,946,329,556,676,201,0.4631,0.5369,0.1867,0.3156,0.3837,0.1141
10407,"高雄市","大寮區新厝里",711,1863,873,990,336,599,699,229,0.4686,0.5314,0.1804,0.3215,0.3752,0.1229
10407,"高雄市","大寮區義和里",889,2308,1088,1220,344,712,914,338,0.4714,0.5286,0.149,0.3085,0.396,0.1464
10407,"高雄市","大寮區義仁里",861,2043,922,1121,293,605,855,290,0.4513,0.5487,0.1434,0.2961,0.4185,0.1419
10407,"高雄市","大寮區永芳里",2860,8004,4001,4003,1627,2579,3047,751,0.4999,0.5001,0.2033,0.3222,0.3807,0.0938
10407,"高雄市","大寮區昭明里",1625,4010,1875,2135,608,1338,1599,465,0.4676,0.5324,0.1516,0.3337,0.3988,0.116
10407,"高雄市","大寮區中興里",2996,7459,3748,3711,1161,2258,3038,1002,0.5025,0.4975,0.1557,0.3027,0.4073,0.1343
10407,"高雄市","大寮區中庄里",4394,12387,6120,6267,2468,4272,4595,1052,0.4941,0.5059,0.1992,0.3449,0.371,0.0849
10407,"高雄市","大寮區忠義里",303,632,314,318,90,148,283,111,0.4968,0.5032,0.1424,0.2342,0.4478,0.1756
10407,"高雄市","大社區保安里",1317,3649,1808,1841,708,1198,1387,356,0.4955,0.5045,0.194,0.3283,0.3801,0.0976
10407,"高雄市","大社區保社里",1299,3285,1590,1695,601,1083,1317,284,0.484,0.516,0.183,0.3297,0.4009,0.0865
10407,"高雄市","大社區翠屏里",706,1964,968,996,353,624,766,221,0.4929,0.5071,0.1797,0.3177,0.39,0.1125
10407,"高雄市","大社區大社里",2177,5671,2772,2899,1000,1806,2297,568,0.4888,0.5112,0.1763,0.3185,0.405,0.1002
10407,"高雄市","大社區觀音里",2211,6291,3091,3200,1257,2043,2432,559,0.4913,0.5087,0.1998,0.3247,0.3866,0.0889
10407,"高雄市","大社區嘉誠里",434,1144,551,593,187,291,492,174,0.4816,0.5184,0.1635,0.2544,0.4301,0.1521
10407,"高雄市","大社區三奶里",1164,3113,1511,1602,558,970,1193,392,0.4854,0.5146,0.1792,0.3116,0.3832,0.1259
10407,"高雄市","大社區神農里",2061,5570,2788,2782,1135,1782,2163,490,0.5005,0.4995,0.2038,0.3199,0.3883,0.088
10407,"高雄市","大社區中里里",1338,3829,1861,1968,807,1162,1452,408,0.486,0.514,0.2108,0.3035,0.3792,0.1066
10407,"高雄市","大樹區大坑里",526,1733,814,919,372,467,658,236,0.4697,0.5303,0.2147,0.2695,0.3797,0.1362
10407,"高雄市","大樹區大樹里",899,2925,1362,1563,600,862,1091,372,0.4656,0.5344,0.2051,0.2947,0.373,0.1272
10407,"高雄市","大樹區姑山里",342,1168,548,620,236,292,431,209,0.4692,0.5308,0.2021,0.25,0.369,0.1789
10407,"高雄市","大樹區和山里",312,1168,547,621,199,344,433,192,0.4683,0.5317,0.1704,0.2945,0.3707,0.1644
10407,"高雄市","大樹區井腳里",540,1893,874,1019,374,518,703,298,0.4617,0.5383,0.1976,0.2736,0.3714,0.1574
10407,"高雄市","大樹區九曲里",1989,5784,2887,2897,1316,1755,2151,562,0.4991,0.5009,0.2275,0.3034,0.3719,0.0972
10407,"高雄市","大樹區久堂里",1617,4735,2361,2374,896,1401,1748,690,0.4986,0.5014,0.1892,0.2959,0.3692,0.1457
10407,"高雄市","大樹區龍目里",510,1965,910,1055,399,545,730,291,0.4631,0.5369,0.2031,0.2774,0.3715,0.1481
10407,"高雄市","大樹區三和里",388,1127,552,575,176,311,444,196,0.4898,0.5102,0.1562,0.276,0.394,0.1739
10407,"高雄市","大樹區檨腳里",1367,4243,2081,2162,773,1320,1581,569,0.4905,0.5095,0.1822,0.3111,0.3726,0.1341
10407,"高雄市","大樹區水安里",848,2759,1322,1437,495,882,1023,359,0.4792,0.5208,0.1794,0.3197,0.3708,0.1301
10407,"高雄市","大樹區水寮里",795,2718,1306,1412,517,810,1001,390,0.4805,0.5195,0.1902,0.298,0.3683,0.1435
10407,"高雄市","大樹區統嶺里",245,805,416,389,96,218,366,125,0.5168,0.4832,0.1193,0.2708,0.4547,0.1553
10407,"高雄市","大樹區溪埔里",601,1911,886,1025,363,542,720,286,0.4636,0.5364,0.19,0.2836,0.3768,0.1497
10407,"高雄市","大樹區小坪里",484,1544,720,824,302,443,594,205,0.4663,0.5337,0.1956,0.2869,0.3847,0.1328
10407,"高雄市","大樹區興山里",369,1327,615,712,249,391,517,170,0.4635,0.5365,0.1876,0.2946,0.3896,0.1281
10407,"高雄市","大樹區興田里",526,2257,1306,951,355,562,1071,269,0.5786,0.4214,0.1573,0.249,0.4745,0.1192
10407,"高雄市","大樹區竹寮里",1005,3094,1469,1625,570,1003,1215,306,0.4748,0.5252,0.1842,0.3242,0.3927,0.0989
10407,"高雄市","鳳山二保安里",2667,7531,3882,3649,2428,2549,2270,284,0.5155,0.4845,0.3224,0.3385,0.3014,0.0377
10407,"高雄市","鳳山二大德里",1869,5241,2624,2617,1156,1811,1781,493,0.5007,0.4993,0.2206,0.3455,0.3398,0.0941
10407,"高雄市","鳳山二二甲里",1924,5507,2751,2756,1241,1924,1922,420,0.4995,0.5005,0.2253,0.3494,0.349,0.0763
10407,"高雄市","鳳山二福誠里",1805,4609,2389,2220,1106,1463,1634,406,0.5183,0.4817,0.24,0.3174,0.3545,0.0881
10407,"高雄市","鳳山二福祥里",1232,3419,1727,1692,808,1018,1250,343,0.5051,0.4949,0.2363,0.2977,0.3656,0.1003
10407,"高雄市","鳳山二福興里",2541,7190,3670,3520,1652,2295,2485,758,0.5104,0.4896,0.2298,0.3192,0.3456,0.1054
10407,"高雄市","鳳山二富甲里",1323,2852,1307,1545,477,788,1221,366,0.4583,0.5417,0.1673,0.2763,0.4281,0.1283
10407,"高雄市","鳳山二富榮里",1056,2952,1460,1492,659,1020,1058,215,0.4946,0.5054,0.2232,0.3455,0.3584,0.0728
10407,"高雄市","鳳山二國富里",1145,2956,1545,1411,556,1008,1180,212,0.5227,0.4773,0.1881,0.341,0.3992,0.0717
10407,"高雄市","鳳山二國光里",1532,3816,1962,1854,545,1331,1556,384,0.5142,0.4858,0.1428,0.3488,0.4078,0.1006
10407,"高雄市","鳳山二國隆里",1208,2901,1455,1446,391,1074,1190,246,0.5016,0.4984,0.1348,0.3702,0.4102,0.0848
10407,"高雄市","鳳山二國泰里",1825,4425,2213,2212,663,1517,1787,458,0.5001,0.4999,0.1498,0.3428,0.4038,0.1035
10407,"高雄市","鳳山二過埤里",5623,14116,6949,7167,3289,5493,4658,676,0.4923,0.5077,0.233,0.3891,0.33,0.0479
10407,"高雄市","鳳山二海洋里",1684,4572,2377,2195,1044,1461,1777,290,0.5199,0.4801,0.2283,0.3196,0.3887,0.0634
10407,"高雄市","鳳山二老爺里",3012,7942,3969,3973,1484,2743,2998,717,0.4997,0.5003,0.1869,0.3454,0.3775,0.0903
10407,"高雄市","鳳山二龍成里",1299,3320,1649,1671,603,1126,1266,325,0.4967,0.5033,0.1816,0.3392,0.3813,0.0979
10407,"高雄市","鳳山二南成里",3387,9399,4688,4711,2521,3255,3044,579,0.4988,0.5012,0.2682,0.3463,0.3239,0.0616
10407,"高雄市","鳳山二南和里",1195,3305,1693,1612,776,1012,1146,371,0.5123,0.4877,0.2348,0.3062,0.3467,0.1123
10407,"高雄市","鳳山二善美里",2452,6256,3161,3095,1185,2069,2510,492,0.5053,0.4947,0.1894,0.3307,0.4012,0.0786
10407,"高雄市","鳳山二天興里",1505,4102,2082,2020,779,1386,1482,455,0.5076,0.4924,0.1899,0.3379,0.3613,0.1109
10407,"高雄市","鳳山二五福里",1388,3727,1886,1841,854,1132,1310,431,0.506,0.494,0.2291,0.3037,0.3515,0.1156
10407,"高雄市","鳳山二武漢里",2111,5562,2804,2758,1166,1782,2152,462,0.5041,0.4959,0.2096,0.3204,0.3869,0.0831
10407,"高雄市","鳳山二武慶里",1059,2813,1417,1396,551,895,1101,266,0.5037,0.4963,0.1959,0.3182,0.3914,0.0946
10407,"高雄市","鳳山二新富里",1824,5014,2514,2500,1065,1594,1966,389,0.5014,0.4986,0.2124,0.3179,0.3921,0.0776
10407,"高雄市","鳳山二新甲里",1276,3583,1828,1755,859,1089,1341,294,0.5102,0.4898,0.2397,0.3039,0.3743,0.0821
10407,"高雄市","鳳山二新樂里",1855,5342,2748,2594,1354,1636,2049,303,0.5144,0.4856,0.2535,0.3063,0.3836,0.0567
10407,"高雄市","鳳山二新強里",2253,6523,3367,3156,1708,1966,2314,535,0.5162,0.4838,0.2618,0.3014,0.3547,0.082
10407,"高雄市","鳳山二新泰里",1798,5008,2577,2431,1323,1556,1853,276,0.5146,0.4854,0.2642,0.3107,0.37,0.0551
10407,"高雄市","鳳山二新武里",1021,2716,1355,1361,577,862,1022,255,0.4989,0.5011,0.2124,0.3174,0.3763,0.0939
10407,"高雄市","鳳山二一甲里",1444,3816,1922,1894,680,1209,1475,452,0.5037,0.4963,0.1782,0.3168,0.3865,0.1184
10407,"高雄市","鳳山二鎮南里",2115,5409,2672,2737,1036,1730,2097,546,0.494,0.506,0.1915,0.3198,0.3877,0.1009
10407,"高雄市","鳳山二正義里",2755,7214,3637,3577,1374,2358,2671,811,0.5042,0.4958,0.1905,0.3269,0.3703,0.1124
10407,"高雄市","鳳山二中崙里",1173,2775,1386,1389,462,934,1158,221,0.4995,0.5005,0.1665,0.3366,0.4173,0.0796
10407,"高雄市","鳳山二中民里",2086,5002,2555,2447,863,1748,2094,297,0.5108,0.4892,0.1725,0.3495,0.4186,0.0594
10407,"高雄市","鳳山二中榮里",2059,5091,2531,2560,916,1698,2114,363,0.4972,0.5028,0.1799,0.3335,0.4152,0.0713
10407,"高雄市","鳳山一北門里",1819,4984,2509,2475,1008,1506,1880,590,0.5034,0.4966,0.2022,0.3022,0.3772,0.1184
10407,"高雄市","鳳山一曹公里",965,2383,1213,1170,406,724,941,312,0.509,0.491,0.1704,0.3038,0.3949,0.1309
10407,"高雄市","鳳山一成功里",333,756,362,394,129,193,269,165,0.4788,0.5212,0.1706,0.2553,0.3558,0.2183
10407,"高雄市","鳳山一誠德里",996,2706,1410,1296,623,729,945,409,0.5211,0.4789,0.2302,0.2694,0.3492,0.1511
10407,"高雄市","鳳山一誠信里",967,2392,1258,1134,557,693,967,175,0.5259,0.4741,0.2329,0.2897,0.4043,0.0732
10407,"高雄市","鳳山一誠義里",1682,4203,2090,2113,848,1491,1622,242,0.4973,0.5027,0.2018,0.3547,0.3859,0.0576
10407,"高雄市","鳳山一誠智里",1290,3201,1663,1538,670,928,1307,296,0.5195,0.4805,0.2093,0.2899,0.4083,0.0925
10407,"高雄市","鳳山一東門里",2678,6655,3445,3210,1377,1825,2577,876,0.5177,0.4823,0.2069,0.2742,0.3872,0.1316
10407,"高雄市","鳳山一鳳東里",2568,7106,3637,3469,1697,2293,2488,628,0.5118,0.4882,0.2388,0.3227,0.3501,0.0884
10407,"高雄市","鳳山一鳳崗里",561,1344,691,653,230,377,533,204,0.5141,0.4859,0.1711,0.2805,0.3966,0.1518
10407,"高雄市","鳳山一光明里",660,1534,749,785,219,450,609,256,0.4883,0.5117,0.1428,0.2934,0.397,0.1669
10407,"高雄市","鳳山一海光里",1356,3646,1862,1784,722,1149,1417,358,0.5107,0.4893,0.198,0.3151,0.3886,0.0982
10407,"高雄市","鳳山一和德里",1014,2717,1445,1272,823,841,845,208,0.5318,0.4682,0.3029,0.3095,0.311,0.0766
10407,"高雄市","鳳山一和興里",2265,6703,3488,3215,1994,1872,2225,612,0.5204,0.4796,0.2975,0.2793,0.3319,0.0913
10407,"高雄市","鳳山一南興里",498,1170,575,595,259,320,415,176,0.4915,0.5085,0.2214,0.2735,0.3547,0.1504
10407,"高雄市","鳳山一埤頂里",2676,7215,3688,3527,1583,2274,2620,738,0.5112,0.4888,0.2194,0.3152,0.3631,0.1023
10407,"高雄市","鳳山一瑞興里",2203,5928,3120,2808,1532,1592,2262,542,0.5263,0.4737,0.2584,0.2686,0.3816,0.0914
10407,"高雄市","鳳山一瑞竹里",2244,6138,3070,3068,1401,1730,2222,785,0.5002,0.4998,0.2283,0.2819,0.362,0.1279
10407,"高雄市","鳳山一三民里",472,1232,621,611,229,350,482,171,0.5041,0.4959,0.1859,0.2841,0.3912,0.1388
10407,"高雄市","鳳山一生明里",929,2379,1203,1176,441,713,953,272,0.5057,0.4943,0.1854,0.2997,0.4006,0.1143
10407,"高雄市","鳳山一文德里",4212,9816,5131,4685,1992,3079,4059,686,0.5227,0.4773,0.2029,0.3137,0.4135,0.0699
10407,"高雄市","鳳山一文福里",4349,11250,5843,5407,2882,3678,4090,600,0.5194,0.4806,0.2562,0.3269,0.3636,0.0533
10407,"高雄市","鳳山一文衡里",1980,4797,2554,2243,1011,1685,1748,353,0.5324,0.4676,0.2108,0.3513,0.3644,0.0736
10407,"高雄市","鳳山一文華里",3884,10470,5507,4963,2669,3119,3528,1154,0.526,0.474,0.2549,0.2979,0.337,0.1102
10407,"高雄市","鳳山一文山里",2695,7036,3503,3533,1315,2235,2845,641,0.4979,0.5021,0.1869,0.3177,0.4043,0.0911
10407,"高雄市","鳳山一文英里",1487,3841,1951,1890,734,1215,1485,407,0.5079,0.4921,0.1911,0.3163,0.3866,0.106
10407,"高雄市","鳳山一武松里",1242,3114,1521,1593,495,1033,1259,327,0.4884,0.5116,0.159,0.3317,0.4043,0.105
10407,"高雄市","鳳山一縣口里",242,511,268,243,91,145,198,77,0.5245,0.4755,0.1781,0.2838,0.3875,0.1507
10407,"高雄市","鳳山一縣衙里",407,1004,509,495,189,264,393,158,0.507,0.493,0.1882,0.2629,0.3914,0.1574
10407,"高雄市","鳳山一協和里",1659,4319,2236,2083,903,1341,1619,456,0.5177,0.4823,0.2091,0.3105,0.3749,0.1056
10407,"高雄市","鳳山一新興里",1570,2773,1152,1621,360,709,1357,347,0.4154,0.5846,0.1298,0.2557,0.4894,0.1251
10407,"高雄市","鳳山一興仁里",1663,4495,2331,2164,1059,1239,1625,572,0.5186,0.4814,0.2356,0.2756,0.3615,0.1273
10407,"高雄市","鳳山一興中里",399,1055,547,508,231,344,393,87,0.5185,0.4815,0.219,0.3261,0.3725,0.0825
10407,"高雄市","鳳山一鎮北里",3085,7490,3766,3724,1372,2874,2698,546,0.5028,0.4972,0.1832,0.3837,0.3602,0.0729
10407,"高雄市","鳳山一鎮東里",1132,2744,1387,1357,509,864,986,385,0.5055,0.4945,0.1855,0.3149,0.3593,0.1403
10407,"高雄市","鳳山一鎮西里",2262,5932,2993,2939,1130,1748,2219,835,0.5046,0.4954,0.1905,0.2947,0.3741,0.1408
10407,"高雄市","鳳山一中和里",1562,3978,2019,1959,698,1202,1605,473,0.5075,0.4925,0.1755,0.3022,0.4035,0.1189
10407,"高雄市","鳳山一中正里",1864,4596,2398,2198,819,1062,1671,1044,0.5218,0.4782,0.1782,0.2311,0.3636,0.2272
10407,"高雄市","鳳山一忠誠里",1421,3716,1856,1860,637,1318,1406,355,0.4995,0.5005,0.1714,0.3547,0.3784,0.0955
10407,"高雄市","鳳山一忠孝里",2644,6855,3534,3321,1434,2044,2656,721,0.5155,0.4845,0.2092,0.2982,0.3875,0.1052
10407,"高雄市","鳳山一忠義里",2131,5356,2775,2581,1115,1537,2122,582,0.5181,0.4819,0.2082,0.287,0.3962,0.1087
10407,"高雄市","岡山區白米里",759,2151,1066,1085,489,721,787,154,0.4956,0.5044,0.2273,0.3352,0.3659,0.0716
10407,"高雄市","岡山區本洲里",779,2109,1030,1079,482,676,715,236,0.4884,0.5116,0.2285,0.3205,0.339,0.1119
10407,"高雄市","岡山區碧紅里",1571,4402,2176,2226,897,1451,1640,414,0.4943,0.5057,0.2038,0.3296,0.3726,0.094
10407,"高雄市","岡山區程香里",1636,4737,2363,2374,1052,1582,1750,353,0.4988,0.5012,0.2221,0.334,0.3694,0.0745
10407,"高雄市","岡山區大遼里",507,1554,736,818,283,472,589,210,0.4736,0.5264,0.1821,0.3037,0.379,0.1351
10407,"高雄市","岡山區大莊里",423,1177,557,620,236,335,448,158,0.4732,0.5268,0.2005,0.2846,0.3806,0.1342
10407,"高雄市","岡山區福興里",424,1215,578,637,220,361,477,157,0.4757,0.5243,0.1811,0.2971,0.3926,0.1292
10407,"高雄市","岡山區岡山里",1960,5140,2541,2599,1094,1561,1941,544,0.4944,0.5056,0.2128,0.3037,0.3776,0.1058
10407,"高雄市","岡山區和平里",117,342,161,181,52,134,137,19,0.4708,0.5292,0.152,0.3918,0.4006,0.0556
10407,"高雄市","岡山區後紅里",1797,4852,2502,2350,1192,1417,1861,382,0.5157,0.4843,0.2457,0.292,0.3836,0.0787
10407,"高雄市","岡山區後協里",2291,6420,3240,3180,1366,2000,2421,633,0.5047,0.4953,0.2128,0.3115,0.3771,0.0986
10407,"高雄市","岡山區華崗里",649,1811,864,947,340,585,678,208,0.4771,0.5229,0.1877,0.323,0.3744,0.1149
10407,"高雄市","岡山區嘉峰里",668,2077,991,1086,430,610,768,269,0.4771,0.5229,0.207,0.2937,0.3698,0.1295
10407,"高雄市","岡山區嘉興里",1429,4076,1997,2079,791,1298,1478,509,0.4899,0.5101,0.1941,0.3184,0.3626,0.1249
10407,"高雄市","岡山區劉厝里",601,1645,788,857,284,477,648,236,0.479,0.521,0.1726,0.29,0.3939,0.1435
10407,"高雄市","岡山區平安里",543,1469,747,722,277,409,542,241,0.5085,0.4915,0.1886,0.2784,0.369,0.1641
10407,"高雄市","岡山區前峰里",1209,3498,1825,1673,773,1027,1248,450,0.5217,0.4783,0.221,0.2936,0.3568,0.1286
10407,"高雄市","岡山區仁壽里",1475,4037,2063,1974,767,1142,1545,583,0.511,0.489,0.19,0.2829,0.3827,0.1444
10407,"高雄市","岡山區仁義里",956,2178,1117,1061,299,527,843,509,0.5129,0.4871,0.1373,0.242,0.3871,0.2337
10407,"高雄市","岡山區三和里",361,1023,500,523,187,302,389,145,0.4888,0.5112,0.1828,0.2952,0.3803,0.1417
10407,"高雄市","岡山區石潭里",745,2221,1110,1111,506,681,808,226,0.4998,0.5002,0.2278,0.3066,0.3638,0.1018
10407,"高雄市","岡山區壽峰里",974,2843,1475,1368,661,911,1014,257,0.5188,0.4812,0.2325,0.3204,0.3567,0.0904
10407,"高雄市","岡山區壽天里",1495,4134,2136,1998,1076,1129,1456,473,0.5167,0.4833,0.2603,0.2731,0.3522,0.1144
10407,"高雄市","岡山區台上里",2227,6875,3552,3323,1985,2222,2266,402,0.5167,0.4833,0.2887,0.3232,0.3296,0.0585
10407,"高雄市","岡山區潭底里",339,887,394,493,158,277,340,112,0.4442,0.5558,0.1781,0.3123,0.3833,0.1263
10407,"高雄市","岡山區灣裡里",686,2215,1103,1112,514,749,766,186,0.498,0.502,0.2321,0.3381,0.3458,0.084
10407,"高雄市","岡山區維仁里",473,1274,638,636,253,308,494,219,0.5008,0.4992,0.1986,0.2418,0.3878,0.1719
10407,"高雄市","岡山區為隨里",269,807,381,426,199,234,285,89,0.4721,0.5279,0.2466,0.29,0.3532,0.1103
10407,"高雄市","岡山區協和里",1342,4240,2164,2076,955,1314,1582,389,0.5104,0.4896,0.2252,0.3099,0.3731,0.0917
10407,"高雄市","岡山區協榮里",920,2497,1268,1229,450,750,965,332,0.5078,0.4922,0.1802,0.3004,0.3865,0.133
10407,"高雄市","岡山區信義里",816,2155,1078,1077,449,681,735,290,0.5002,0.4998,0.2084,0.316,0.3411,0.1346
10407,"高雄市","岡山區忠孝里",1355,3307,1716,1591,574,803,1241,689,0.5189,0.4811,0.1736,0.2428,0.3753,0.2083
10407,"高雄市","岡山區竹圍里",2722,8378,4263,4115,2428,2741,2788,421,0.5088,0.4912,0.2898,0.3272,0.3328,0.0503
10407,"高雄市","鼓山區寶樹里",1078,2001,883,1118,212,553,976,260,0.4413,0.5587,0.1059,0.2764,0.4878,0.1299
10407,"高雄市","鼓山區登山里",333,722,328,394,84,185,290,163,0.4543,0.5457,0.1163,0.2562,0.4017,0.2258
10407,"高雄市","鼓山區峰南里",404,964,453,511,115,279,400,170,0.4699,0.5301,0.1193,0.2894,0.4149,0.1763
10407,"高雄市","鼓山區鼓峰里",939,2281,1167,1114,329,716,908,328,0.5116,0.4884,0.1442,0.3139,0.3981,0.1438
10407,"高雄市","鼓山區鼓岩里",586,1433,695,738,184,354,612,283,0.485,0.515,0.1284,0.247,0.4271,0.1975
10407,"高雄市","鼓山區光化里",628,1444,719,725,178,390,632,244,0.4979,0.5021,0.1233,0.2701,0.4377,0.169
10407,"高雄市","鼓山區光榮里",1456,4017,1981,2036,631,1234,1564,588,0.4932,0.5068,0.1571,0.3072,0.3893,0.1464
10407,"高雄市","鼓山區河邊里",665,1684,847,837,256,498,686,244,0.503,0.497,0.152,0.2957,0.4074,0.1449
10407,"高雄市","鼓山區厚生里",1521,3753,1840,1913,695,1294,1336,428,0.4903,0.5097,0.1852,0.3448,0.356,0.114
10407,"高雄市","鼓山區華豐里",1830,4376,2271,2105,745,1283,1859,489,0.519,0.481,0.1702,0.2932,0.4248,0.1117
10407,"高雄市","鼓山區惠安里",540,1376,637,739,213,373,572,218,0.4629,0.5371,0.1548,0.2711,0.4157,0.1584
10407,"高雄市","鼓山區建國里",948,2713,1300,1413,486,824,1049,354,0.4792,0.5208,0.1791,0.3037,0.3867,0.1305
10407,"高雄市","鼓山區麗興里",446,1099,522,577,152,306,452,189,0.475,0.525,0.1383,0.2784,0.4113,0.172
10407,"高雄市","鼓山區龍井里",581,1469,709,760,208,413,615,233,0.4826,0.5174,0.1416,0.2811,0.4187,0.1586
10407,"高雄市","鼓山區龍水里",10489,23873,12987,10886,7008,7416,8110,1339,0.544,0.456,0.2936,0.3106,0.3397,0.0561
10407,"高雄市","鼓山區龍子里",7775,18799,10106,8693,5679,5671,6228,1221,0.5376,0.4624,0.3021,0.3017,0.3313,0.065
10407,"高雄市","鼓山區綠川里",675,1693,800,893,255,481,686,271,0.4725,0.5275,0.1506,0.2841,0.4052,0.1601
10407,"高雄市","鼓山區民強里",1132,3107,1552,1555,480,954,1204,469,0.4995,0.5005,0.1545,0.307,0.3875,0.1509
10407,"高雄市","鼓山區民族里",566,1513,739,774,244,451,607,211,0.4884,0.5116,0.1613,0.2981,0.4012,0.1395
10407,"高雄市","鼓山區明誠里",8101,20097,10760,9337,5545,5588,7579,1385,0.5354,0.4646,0.2759,0.2781,0.3771,0.0689
10407,"高雄市","鼓山區內惟里",500,1319,621,698,212,386,514,207,0.4708,0.5292,0.1607,0.2926,0.3897,0.1569
10407,"高雄市","鼓山區平和里",1525,4029,2061,1968,654,1333,1512,530,0.5115,0.4885,0.1623,0.3309,0.3753,0.1315
10407,"高雄市","鼓山區前峰里",1918,4805,2399,2406,671,1451,1973,710,0.4993,0.5007,0.1396,0.302,0.4106,0.1478
10407,"高雄市","鼓山區山下里",684,1477,733,744,182,443,650,202,0.4963,0.5037,0.1232,0.2999,0.4401,0.1368
10407,"高雄市","鼓山區哨船頭里",488,1132,537,595,169,297,488,178,0.4744,0.5256,0.1493,0.2624,0.4311,0.1572
10407,"高雄市","鼓山區壽山里",618,1582,784,798,240,483,628,231,0.4956,0.5044,0.1517,0.3053,0.397,0.146
10407,"高雄市","鼓山區樹德里",489,1333,646,687,224,398,539,172,0.4846,0.5154,0.168,0.2986,0.4044,0.129
10407,"高雄市","鼓山區桃源里",295,707,315,392,100,218,301,88,0.4455,0.5545,0.1414,0.3083,0.4257,0.1245
10407,"高雄市","鼓山區維生里",564,1458,725,733,192,415,610,241,0.4973,0.5027,0.1317,0.2846,0.4184,0.1653
10407,"高雄市","鼓山區新民里",466,1183,564,619,175,365,483,160,0.4768,0.5232,0.1479,0.3085,0.4083,0.1352
10407,"高雄市","鼓山區興宗里",637,1480,705,775,174,395,655,256,0.4764,0.5236,0.1176,0.2669,0.4426,0.173
10407,"高雄市","鼓山區雄峰里",993,2285,1170,1115,329,655,970,331,0.512,0.488,0.144,0.2867,0.4245,0.1449
10407,"高雄市","鼓山區延平里",360,924,451,473,150,269,352,153,0.4881,0.5119,0.1623,0.2911,0.381,0.1656
10407,"高雄市","鼓山區裕豐里",1194,2916,1486,1430,402,875,1239,400,0.5096,0.4904,0.1379,0.3001,0.4249,0.1372
10407,"高雄市","鼓山區裕興里",1508,3675,1834,1841,593,1179,1455,448,0.499,0.501,0.1614,0.3208,0.3959,0.1219
10407,"高雄市","鼓山區正德里",900,2367,1190,1177,457,710,917,283,0.5027,0.4973,0.1931,0.3,0.3874,0.1196
10407,"高雄市","鼓山區忠正里",1717,4423,2255,2168,763,1248,1783,629,0.5098,0.4902,0.1725,0.2822,0.4031,0.1422
10407,"高雄市","鼓山區自強里",338,821,409,412,79,166,340,236,0.4982,0.5018,0.0962,0.2022,0.4141,0.2875
10407,"高雄市","湖內區大湖里",1500,4164,2046,2118,806,1410,1505,443,0.4914,0.5086,0.1936,0.3386,0.3614,0.1064
10407,"高雄市","湖內區公舘里",892,2581,1262,1319,575,820,924,262,0.489,0.511,0.2228,0.3177,0.358,0.1015
10407,"高雄市","湖內區海埔里",685,2133,1052,1081,355,662,816,300,0.4932,0.5068,0.1664,0.3104,0.3826,0.1406
10407,"高雄市","湖內區海山里",440,1289,612,677,191,344,504,250,0.4748,0.5252,0.1482,0.2669,0.391,0.1939
10407,"高雄市","湖內區湖東里",1194,2959,1511,1448,536,1025,1134,264,0.5106,0.4894,0.1811,0.3464,0.3832,0.0892
10407,"高雄市","湖內區湖內里",1476,4261,2076,2185,924,1412,1584,341,0.4872,0.5128,0.2169,0.3314,0.3717,0.08
10407,"高雄市","湖內區劉家里",418,1187,550,637,205,324,461,197,0.4634,0.5366,0.1727,0.273,0.3884,0.166
10407,"高雄市","湖內區太爺里",349,926,430,496,127,293,354,152,0.4644,0.5356,0.1371,0.3164,0.3823,0.1641
10407,"高雄市","湖內區田尾里",414,1170,581,589,173,368,436,193,0.4966,0.5034,0.1479,0.3145,0.3726,0.165
10407,"高雄市","湖內區文賢里",467,1361,674,687,237,401,512,211,0.4952,0.5048,0.1741,0.2946,0.3762,0.155
10407,"高雄市","湖內區葉厝里",990,2924,1428,1496,584,997,1058,285,0.4884,0.5116,0.1997,0.341,0.3618,0.0975
10407,"高雄市","湖內區逸賢里",483,1278,599,679,240,394,472,172,0.4687,0.5313,0.1878,0.3083,0.3693,0.1346
10407,"高雄市","湖內區中賢里",890,2498,1223,1275,438,771,953,336,0.4896,0.5104,0.1753,0.3086,0.3815,0.1345
10407,"高雄市","湖內區忠興里",301,820,387,433,137,233,308,142,0.472,0.528,0.1671,0.2841,0.3756,0.1732
10407,"高雄市","茄萣區白雲里",720,1977,966,1011,333,586,789,269,0.4886,0.5114,0.1684,0.2964,0.3991,0.1361
10407,"高雄市","茄萣區保定里",1123,3408,1651,1757,544,1105,1270,489,0.4844,0.5156,0.1596,0.3242,0.3727,0.1435
10407,"高雄市","茄萣區大定里",456,1301,592,709,177,402,507,215,0.455,0.545,0.136,0.309,0.3897,0.1653
10407,"高雄市","茄萣區福德里",385,1120,550,570,179,329,447,165,0.4911,0.5089,0.1598,0.2938,0.3991,0.1473
10407,"高雄市","茄萣區光定里",397,1160,558,602,173,353,440,194,0.481,0.519,0.1491,0.3043,0.3793,0.1672
10407,"高雄市","茄萣區和協里",461,1352,651,701,261,361,498,232,0.4815,0.5185,0.193,0.267,0.3683,0.1716
10407,"高雄市","茄萣區吉定里",476,1368,665,703,235,414,508,211,0.4861,0.5139,0.1718,0.3026,0.3713,0.1542
10407,"高雄市","茄萣區嘉安里",633,2022,990,1032,382,694,738,208,0.4896,0.5104,0.1889,0.3432,0.365,0.1029
10407,"高雄市","茄萣區嘉賜里",1394,4307,2092,2215,881,1452,1577,397,0.4857,0.5143,0.2046,0.3371,0.3661,0.0922
10407,"高雄市","茄萣區嘉定里",504,1363,642,721,229,360,513,261,0.471,0.529,0.168,0.2641,0.3764,0.1915
10407,"高雄市","茄萣區嘉福里",420,1164,539,625,199,324,467,174,0.4631,0.5369,0.171,0.2784,0.4012,0.1495
10407,"高雄市","茄萣區嘉樂里",680,2312,1147,1165,443,730,838,301,0.4961,0.5039,0.1916,0.3157,0.3625,0.1302
10407,"高雄市","茄萣區嘉泰里",464,1378,682,696,234,393,525,226,0.4949,0.5051,0.1698,0.2852,0.381,0.164
10407,"高雄市","茄萣區崎漏里",1944,5246,2518,2728,1051,1671,1986,538,0.48,0.52,0.2003,0.3185,0.3786,0.1026
10407,"高雄市","茄萣區萬福里",389,1082,515,567,202,346,391,143,0.476,0.524,0.1867,0.3198,0.3614,0.1322
10407,"高雄市","甲仙區寶隆里",254,763,333,430,86,201,332,144,0.4364,0.5636,0.1127,0.2634,0.4351,0.1887
10407,"高雄市","甲仙區大田里",661,1857,856,1001,352,504,760,241,0.461,0.539,0.1896,0.2714,0.4093,0.1298
10407,"高雄市","甲仙區東安里",223,549,269,280,75,141,216,117,0.49,0.51,0.1366,0.2568,0.3934,0.2131
10407,"高雄市","甲仙區關山里",263,697,304,393,103,159,300,135,0.4362,0.5638,0.1478,0.2281,0.4304,0.1937
10407,"高雄市","甲仙區和安里",323,770,378,392,107,226,301,136,0.4909,0.5091,0.139,0.2935,0.3909,0.1766
10407,"高雄市","甲仙區西安里",407,1073,544,529,185,275,404,209,0.507,0.493,0.1724,0.2563,0.3765,0.1948
10407,"高雄市","甲仙區小林里",241,617,285,332,97,182,264,74,0.4619,0.5381,0.1572,0.295,0.4279,0.1199
10407,"高雄市","林園區北汕里",879,1854,923,931,308,627,674,245,0.4978,0.5022,0.1661,0.3382,0.3635,0.1321
10407,"高雄市","林園區頂厝里",1972,5182,2547,2635,1111,1715,1929,427,0.4915,0.5085,0.2144,0.331,0.3723,0.0824
10407,"高雄市","林園區東林里",1239,3501,1771,1730,868,1080,1180,373,0.5059,0.4941,0.2479,0.3085,0.337,0.1065
10407,"高雄市","林園區東汕里",476,1039,488,551,146,346,412,135,0.4697,0.5303,0.1405,0.333,0.3965,0.1299
10407,"高雄市","林園區鳳芸里",795,2173,1079,1094,448,681,792,252,0.4965,0.5035,0.2062,0.3134,0.3645,0.116
10407,"高雄市","林園區港埔里",772,2061,1007,1054,387,686,742,246,0.4886,0.5114,0.1878,0.3328,0.36,0.1194
10407,"高雄市","林園區港嘴里",672,1935,981,954,381,679,673,202,0.507,0.493,0.1969,0.3509,0.3478,0.1044
10407,"高雄市","林園區龔厝里",776,2142,1053,1089,425,683,793,241,0.4916,0.5084,0.1984,0.3189,0.3702,0.1125
10407,"高雄市","林園區廣應里",1358,4164,2075,2089,962,1428,1443,331,0.4983,0.5017,0.231,0.3429,0.3465,0.0795
10407,"高雄市","林園區林家里",556,1454,671,783,245,471,549,189,0.4615,0.5385,0.1685,0.3239,0.3776,0.13
10407,"高雄市","林園區林內里",846,2382,1160,1222,557,738,811,276,0.487,0.513,0.2338,0.3098,0.3405,0.1159
10407,"高雄市","林園區林園里",1423,4023,2052,1971,925,1228,1449,421,0.5101,0.4899,0.2299,0.3052,0.3602,0.1046
10407,"高雄市","林園區仁愛里",1208,3633,1800,1833,869,1138,1284,342,0.4955,0.5045,0.2392,0.3132,0.3534,0.0941
10407,"高雄市","林園區潭頭里",1031,3223,1563,1660,652,1042,1191,338,0.485,0.515,0.2023,0.3233,0.3695,0.1049
10407,"高雄市","林園區王公里",1530,4710,2348,2362,1198,1515,1671,326,0.4985,0.5015,0.2544,0.3217,0.3548,0.0692
10407,"高雄市","林園區文賢里",1032,2809,1425,1384,600,872,1045,292,0.5073,0.4927,0.2136,0.3104,0.372,0.104
10407,"高雄市","林園區五福里",1274,3125,1520,1605,721,1078,1110,216,0.4864,0.5136,0.2307,0.345,0.3552,0.0691
10407,"高雄市","林園區溪州里",1512,4774,2308,2466,1127,1555,1667,425,0.4835,0.5165,0.2361,0.3257,0.3492,0.089
10407,"高雄市","林園區西汕里",423,877,422,455,162,269,343,103,0.4812,0.5188,0.1847,0.3067,0.3911,0.1174
10407,"高雄市","林園區西溪里",1386,3960,1942,2018,785,1329,1478,368,0.4904,0.5096,0.1982,0.3356,0.3732,0.0929
10407,"高雄市","林園區中厝里",1192,3645,1743,1902,866,1123,1244,412,0.4782,0.5218,0.2376,0.3081,0.3413,0.113
10407,"高雄市","林園區中門里",1057,2828,1398,1430,550,886,1067,325,0.4943,0.5057,0.1945,0.3133,0.3773,0.1149
10407,"高雄市","林園區中汕里",1284,2702,1325,1377,482,929,1001,290,0.4904,0.5096,0.1784,0.3438,0.3705,0.1073
10407,"高雄市","林園區中芸里",773,2181,1052,1129,419,702,783,277,0.4823,0.5177,0.1921,0.3219,0.359,0.127
10407,"高雄市","苓雅區安祥里",1120,2737,1445,1292,535,754,1016,432,0.528,0.472,0.1955,0.2755,0.3712,0.1578
10407,"高雄市","苓雅區博仁里",372,803,428,375,127,220,339,117,0.533,0.467,0.1582,0.274,0.4222,0.1457
10407,"高雄市","苓雅區朝陽里",674,1748,892,856,327,488,663,270,0.5103,0.4897,0.1871,0.2792,0.3793,0.1545
10407,"高雄市","苓雅區城北里",705,1678,901,777,266,474,695,243,0.5369,0.4631,0.1585,0.2825,0.4142,0.1448
10407,"高雄市","苓雅區城東里",1056,2273,1184,1089,383,679,906,305,0.5209,0.4791,0.1685,0.2987,0.3986,0.1342
10407,"高雄市","苓雅區城西里",272,677,346,331,116,211,256,94,0.5111,0.4889,0.1713,0.3117,0.3781,0.1388
10407,"高雄市","苓雅區福地里",1254,3164,1584,1580,506,978,1234,446,0.5006,0.4994,0.1599,0.3091,0.39,0.141
10407,"高雄市","苓雅區福東里",1174,3054,1574,1480,543,917,1253,341,0.5154,0.4846,0.1778,0.3003,0.4103,0.1117
10407,"高雄市","苓雅區福海里",490,1234,621,613,196,343,483,212,0.5032,0.4968,0.1588,0.278,0.3914,0.1718
10407,"高雄市","苓雅區福居里",1193,3163,1557,1606,516,971,1174,502,0.4923,0.5077,0.1631,0.307,0.3712,0.1587
10407,"高雄市","苓雅區福康里",877,2235,1109,1126,392,611,864,368,0.4962,0.5038,0.1754,0.2734,0.3866,0.1647
10407,"高雄市","苓雅區福隆里",1170,3000,1543,1457,513,866,1130,491,0.5143,0.4857,0.171,0.2887,0.3767,0.1637
10407,"高雄市","苓雅區福南里",830,2078,997,1081,294,559,861,364,0.4798,0.5202,0.1415,0.269,0.4143,0.1752
10407,"高雄市","苓雅區福人里",931,2402,1214,1188,389,701,960,352,0.5054,0.4946,0.1619,0.2918,0.3997,0.1465
10407,"高雄市","苓雅區福壽里",666,1696,839,857,273,479,661,283,0.4947,0.5053,0.161,0.2824,0.3897,0.1669
10407,"高雄市","苓雅區福西里",878,2092,1050,1042,345,590,832,325,0.5019,0.4981,0.1649,0.282,0.3977,0.1554
10407,"高雄市","苓雅區福祥里",545,1421,692,729,225,442,537,217,0.487,0.513,0.1583,0.311,0.3779,0.1527
10407,"高雄市","苓雅區鼓中里",470,1141,576,565,170,311,434,226,0.5048,0.4952,0.149,0.2726,0.3804,0.1981
10407,"高雄市","苓雅區光華里",315,810,396,414,130,215,304,161,0.4889,0.5111,0.1605,0.2654,0.3753,0.1988
10407,"高雄市","苓雅區廣澤里",859,2063,1013,1050,290,581,803,389,0.491,0.509,0.1406,0.2816,0.3892,0.1886
10407,"高雄市","苓雅區和煦里",969,2368,1192,1176,413,689,896,370,0.5034,0.4966,0.1744,0.291,0.3784,0.1562
10407,"高雄市","苓雅區華堂里",1546,3490,1897,1593,535,1017,1430,508,0.5436,0.4564,0.1533,0.2914,0.4097,0.1456
10407,"高雄市","苓雅區建軍里",841,2357,1150,1207,437,707,932,281,0.4879,0.5121,0.1854,0.3,0.3954,0.1192
10407,"高雄市","苓雅區凱旋里",1044,2661,1370,1291,648,681,983,349,0.5148,0.4852,0.2435,0.2559,0.3694,0.1312
10407,"高雄市","苓雅區林安里",777,1978,1079,899,542,499,658,279,0.5455,0.4545,0.274,0.2523,0.3327,0.1411
10407,"高雄市","苓雅區林德里",902,2042,1084,958,298,574,858,312,0.5309,0.4691,0.1459,0.2811,0.4202,0.1528
10407,"高雄市","苓雅區林富里",914,2441,1320,1121,665,651,835,290,0.5408,0.4592,0.2724,0.2667,0.3421,0.1188
10407,"高雄市","苓雅區林貴里",811,2171,1150,1021,436,694,795,246,0.5297,0.4703,0.2008,0.3197,0.3662,0.1133
10407,"高雄市","苓雅區林華里",1259,3261,1664,1597,547,968,1259,487,0.5103,0.4897,0.1677,0.2968,0.3861,0.1493
10407,"高雄市","苓雅區林靖里",745,1775,903,872,271,494,694,316,0.5087,0.4913,0.1527,0.2783,0.391,0.178
10407,"高雄市","苓雅區林南里",1564,3765,2048,1717,973,964,1317,511,0.544,0.456,0.2584,0.256,0.3498,0.1357
10407,"高雄市","苓雅區林泉里",977,2460,1305,1155,697,659,828,276,0.5305,0.4695,0.2833,0.2679,0.3366,0.1122
10407,"高雄市","苓雅區林榮里",1859,4686,2434,2252,800,1496,1801,589,0.5194,0.4806,0.1707,0.3192,0.3843,0.1257
10407,"高雄市","苓雅區林圍里",1172,3184,1739,1445,944,801,1082,357,0.5462,0.4538,0.2965,0.2516,0.3398,0.1121
10407,"高雄市","苓雅區林西里",768,1799,942,857,256,503,702,338,0.5236,0.4764,0.1423,0.2796,0.3902,0.1879
10407,"高雄市","苓雅區林興里",648,1562,807,755,265,457,589,251,0.5166,0.4834,0.1697,0.2926,0.3771,0.1607
10407,"高雄市","苓雅區林中里",1375,3235,1633,1602,378,995,1315,547,0.5048,0.4952,0.1168,0.3076,0.4065,0.1691
10407,"高雄市","苓雅區苓東里",731,1689,854,835,229,493,723,244,0.5056,0.4944,0.1356,0.2919,0.4281,0.1445
10407,"高雄市","苓雅區苓昇里",606,1425,710,715,207,391,584,243,0.4982,0.5018,0.1453,0.2744,0.4098,0.1705
10407,"高雄市","苓雅區苓雅里",720,1654,880,774,237,501,682,234,0.532,0.468,0.1433,0.3029,0.4123,0.1415
10407,"高雄市","苓雅區苓中里",785,1885,1012,873,307,598,772,208,0.5369,0.4631,0.1629,0.3172,0.4095,0.1103
10407,"高雄市","苓雅區苓洲里",797,1636,864,772,204,479,675,278,0.5281,0.4719,0.1247,0.2928,0.4126,0.1699
10407,"高雄市","苓雅區美田里",581,1338,681,657,194,357,547,240,0.509,0.491,0.145,0.2668,0.4088,0.1794
10407,"高雄市","苓雅區民主里",1798,4345,2190,2155,638,1312,1749,646,0.504,0.496,0.1468,0.302,0.4025,0.1487
10407,"高雄市","苓雅區普天里",1567,3642,1920,1722,637,1127,1357,521,0.5272,0.4728,0.1749,0.3094,0.3726,0.1431
10407,"高雄市","苓雅區普照里",1488,3382,1754,1628,533,968,1362,519,0.5186,0.4814,0.1576,0.2862,0.4027,0.1535
10407,"高雄市","苓雅區晴朗里",1317,2308,996,1312,278,555,1179,296,0.4315,0.5685,0.1205,0.2405,0.5108,0.1282
10407,"高雄市","苓雅區人和里",949,2018,1047,971,289,533,842,354,0.5188,0.4812,0.1432,0.2641,0.4172,0.1754
10407,"高雄市","苓雅區仁政里",622,1375,726,649,169,397,567,242,0.528,0.472,0.1229,0.2887,0.4124,0.176
10407,"高雄市","苓雅區日中里",1053,2432,1272,1160,313,702,977,440,0.523,0.477,0.1287,0.2887,0.4017,0.1809
10407,"高雄市","苓雅區尚義里",800,1860,988,872,446,451,683,280,0.5312,0.4688,0.2398,0.2425,0.3672,0.1505
10407,"高雄市","苓雅區田西里",644,1539,795,744,249,441,567,282,0.5166,0.4834,0.1618,0.2865,0.3684,0.1832
10407,"高雄市","苓雅區同慶里",1261,3424,1875,1549,1298,699,1159,268,0.5476,0.4524,0.3791,0.2041,0.3385,0.0783
10407,"高雄市","苓雅區衛武里",973,2333,1157,1176,327,677,940,389,0.4959,0.5041,0.1402,0.2902,0.4029,0.1667
10407,"高雄市","苓雅區文昌里",1667,4481,2309,2172,784,1473,1699,525,0.5153,0.4847,0.175,0.3287,0.3792,0.1172
10407,"高雄市","苓雅區五福里",1792,4241,2131,2110,578,1271,1697,695,0.5025,0.4975,0.1363,0.2997,0.4001,0.1639
10407,"高雄市","苓雅區五權里",1003,2342,1244,1098,336,697,980,329,0.5312,0.4688,0.1435,0.2976,0.4184,0.1405
10407,"高雄市","苓雅區意誠里",2098,4111,2184,1927,641,1284,1753,433,0.5313,0.4687,0.1559,0.3123,0.4264,0.1053
10407,"高雄市","苓雅區英明里",886,2325,1213,1112,433,719,868,305,0.5217,0.4783,0.1862,0.3092,0.3733,0.1312
10407,"高雄市","苓雅區永康里",1044,2562,1295,1267,396,717,1062,387,0.5055,0.4945,0.1546,0.2799,0.4145,0.1511
10407,"高雄市","苓雅區正大里",2516,5887,3109,2778,1115,1977,2261,534,0.5281,0.4719,0.1894,0.3358,0.3841,0.0907
10407,"高雄市","苓雅區正道里",1919,4767,2502,2265,743,1543,1875,606,0.5249,0.4751,0.1559,0.3237,0.3933,0.1271
10407,"高雄市","苓雅區正仁里",1177,3061,1596,1465,533,1030,1158,340,0.5214,0.4786,0.1741,0.3365,0.3783,0.1111
10407,"高雄市","苓雅區正文里",952,2222,1174,1048,317,757,914,234,0.5284,0.4716,0.1427,0.3407,0.4113,0.1053
10407,"高雄市","苓雅區正心里",1668,4154,2105,2049,629,1364,1629,532,0.5067,0.4933,0.1514,0.3284,0.3922,0.1281
10407,"高雄市","苓雅區正言里",1411,3159,1638,1521,447,1048,1316,348,0.5185,0.4815,0.1415,0.3318,0.4166,0.1102
10407,"高雄市","苓雅區正義里",1127,2990,1437,1553,595,981,1088,326,0.4806,0.5194,0.199,0.3281,0.3639,0.109
10407,"高雄市","苓雅區中正里",1420,3689,2002,1687,1071,926,1283,409,0.5427,0.4573,0.2903,0.251,0.3478,0.1109
10407,"高雄市","苓雅區奏捷里",771,1888,998,890,390,479,718,301,0.5286,0.4714,0.2066,0.2537,0.3803,0.1594
10407,"高雄市","六龜區寶來里",485,1095,544,551,187,235,481,192,0.4968,0.5032,0.1708,0.2146,0.4393,0.1753
10407,"高雄市","六龜區大津里",165,355,157,198,48,77,161,69,0.4423,0.5577,0.1352,0.2169,0.4535,0.1944
10407,"高雄市","六龜區荖濃里",664,1658,759,899,302,424,643,289,0.4578,0.5422,0.1821,0.2557,0.3878,0.1743
10407,"高雄市","六龜區六龜里",486,1145,524,621,173,313,467,192,0.4576,0.5424,0.1511,0.2734,0.4079,0.1677
10407,"高雄市","六龜區文武里",738,1812,818,994,328,469,724,291,0.4514,0.5486,0.181,0.2588,0.3996,0.1606
10407,"高雄市","六龜區新發里",530,1164,532,632,184,281,476,223,0.457,0.543,0.1581,0.2414,0.4089,0.1916
10407,"高雄市","六龜區新寮里",297,714,333,381,107,139,314,154,0.4664,0.5336,0.1499,0.1947,0.4398,0.2157
10407,"高雄市","六龜區新威里",356,843,357,486,125,170,348,200,0.4235,0.5765,0.1483,0.2017,0.4128,0.2372
10407,"高雄市","六龜區新興里",305,778,362,416,124,163,333,158,0.4653,0.5347,0.1594,0.2095,0.428,0.2031
10407,"高雄市","六龜區興龍里",387,1018,471,547,214,268,396,140,0.4627,0.5373,0.2102,0.2633,0.389,0.1375
10407,"高雄市","六龜區義寶里",519,1255,599,656,227,302,479,247,0.4773,0.5227,0.1809,0.2406,0.3817,0.1968
10407,"高雄市","六龜區中興里",710,1713,792,921,279,458,703,273,0.4623,0.5377,0.1629,0.2674,0.4104,0.1594
10407,"高雄市","路竹區北嶺里",484,1530,754,776,333,468,550,179,0.4928,0.5072,0.2176,0.3059,0.3595,0.117
10407,"高雄市","路竹區頂寮里",461,1454,696,758,315,414,517,208,0.4787,0.5213,0.2166,0.2847,0.3556,0.1431
10407,"高雄市","路竹區後鄉里",392,1342,651,691,336,397,449,160,0.4851,0.5149,0.2504,0.2958,0.3346,0.1192
10407,"高雄市","路竹區甲北里",731,2493,1211,1282,521,726,884,362,0.4858,0.5142,0.209,0.2912,0.3546,0.1452
10407,"高雄市","路竹區甲南里",1128,3850,1840,2010,740,1138,1472,500,0.4779,0.5221,0.1922,0.2956,0.3823,0.1299
10407,"高雄市","路竹區三爺里",338,1048,538,510,216,299,378,155,0.5134,0.4866,0.2061,0.2853,0.3607,0.1479
10407,"高雄市","路竹區社東里",695,2005,963,1042,335,626,742,302,0.4803,0.5197,0.1671,0.3122,0.3701,0.1506
10407,"高雄市","路竹區社南里",1726,4980,2466,2514,906,1752,1911,411,0.4952,0.5048,0.1819,0.3518,0.3837,0.0825
10407,"高雄市","路竹區社西里",949,2659,1313,1346,506,850,943,360,0.4938,0.5062,0.1903,0.3197,0.3546,0.1354
10407,"高雄市","路竹區社中里",358,1008,471,537,159,275,398,176,0.4673,0.5327,0.1577,0.2728,0.3948,0.1746
10407,"高雄市","路竹區文北里",1156,3942,1944,1998,1023,1245,1291,383,0.4932,0.5068,0.2595,0.3158,0.3275,0.0972
10407,"高雄市","路竹區文南里",910,3061,1542,1519,800,874,1014,373,0.5038,0.4962,0.2614,0.2855,0.3313,0.1219
10407,"高雄市","路竹區下坑里",905,3111,1453,1658,557,1000,1166,388,0.4671,0.5329,0.179,0.3214,0.3748,0.1247
10407,"高雄市","路竹區新達里",470,1472,700,772,304,417,525,226,0.4755,0.5245,0.2065,0.2833,0.3567,0.1535
10407,"高雄市","路竹區鴨寮里",755,2358,1136,1222,541,750,833,234,0.4818,0.5182,0.2294,0.3181,0.3533,0.0992
10407,"高雄市","路竹區竹東里",1415,4404,2193,2211,1199,1363,1430,412,0.498,0.502,0.2723,0.3095,0.3247,0.0936
10407,"高雄市","路竹區竹滬里",1183,3841,1903,1938,928,1152,1356,405,0.4954,0.5046,0.2416,0.2999,0.353,0.1054
10407,"高雄市","路竹區竹南里",1204,3523,1798,1725,899,957,1211,456,0.5104,0.4896,0.2552,0.2716,0.3437,0.1294
10407,"高雄市","路竹區竹西里",875,2865,1383,1482,707,837,984,337,0.4827,0.5173,0.2468,0.2921,0.3435,0.1176
10407,"高雄市","路竹區竹園里",644,2093,962,1131,367,650,782,294,0.4596,0.5404,0.1753,0.3106,0.3736,0.1405
10407,"高雄市","茂林區多納里",184,599,311,288,163,198,197,41,0.5192,0.4808,0.2721,0.3306,0.3289,0.0684
10407,"高雄市","茂林區茂林里",262,871,441,430,221,298,293,59,0.5063,0.4937,0.2537,0.3421,0.3364,0.0677
10407,"高雄市","茂林區萬山里",133,409,199,210,86,116,158,49,0.4866,0.5134,0.2103,0.2836,0.3863,0.1198
10407,"高雄市","美濃區德興里",578,1797,858,939,329,412,708,348,0.4775,0.5225,0.1831,0.2293,0.394,0.1937
10407,"高雄市","美濃區東門里",563,1463,694,769,215,304,570,374,0.4744,0.5256,0.147,0.2078,0.3896,0.2556
10407,"高雄市","美濃區福安里",1070,2970,1422,1548,389,735,1202,644,0.4788,0.5212,0.131,0.2475,0.4047,0.2168
10407,"高雄市","美濃區廣德里",550,1598,742,856,262,336,611,389,0.4643,0.5357,0.164,0.2103,0.3824,0.2434
10407,"高雄市","美濃區廣林里",643,1742,831,911,252,389,692,409,0.477,0.523,0.1447,0.2233,0.3972,0.2348
10407,"高雄市","美濃區合和里",1048,2750,1312,1438,467,707,1078,498,0.4771,0.5229,0.1698,0.2571,0.392,0.1811
10407,"高雄市","美濃區吉東里",673,2086,1009,1077,380,509,810,387,0.4837,0.5163,0.1822,0.244,0.3883,0.1855
10407,"高雄市","美濃區吉和里",539,1620,746,874,290,415,601,314,0.4605,0.5395,0.179,0.2562,0.371,0.1938
10407,"高雄市","美濃區吉洋里",737,2223,1032,1191,354,512,894,463,0.4642,0.5358,0.1592,0.2303,0.4022,0.2083
10407,"高雄市","美濃區龍肚里",684,1729,793,936,208,366,699,456,0.4586,0.5414,0.1203,0.2117,0.4043,0.2637
10407,"高雄市","美濃區龍山里",884,2467,1163,1304,367,533,1003,564,0.4714,0.5286,0.1488,0.2161,0.4066,0.2286
10407,"高雄市","美濃區祿興里",1026,2974,1428,1546,522,714,1166,572,0.4802,0.5198,0.1755,0.2401,0.3921,0.1923
10407,"高雄市","美濃區瀰濃里",1041,2607,1263,1344,390,610,990,617,0.4845,0.5155,0.1496,0.234,0.3797,0.2367
10407,"高雄市","美濃區清水里",678,2103,1007,1096,381,527,794,401,0.4788,0.5212,0.1812,0.2506,0.3776,0.1907
10407,"高雄市","美濃區獅山里",978,2908,1395,1513,507,690,1118,593,0.4797,0.5203,0.1743,0.2373,0.3845,0.2039
10407,"高雄市","美濃區泰安里",670,1770,846,924,299,416,675,380,0.478,0.522,0.1689,0.235,0.3814,0.2147
10407,"高雄市","美濃區興隆里",516,1367,616,751,197,285,537,348,0.4506,0.5494,0.1441,0.2085,0.3928,0.2546
10407,"高雄市","美濃區中壇里",782,2400,1137,1263,379,605,913,503,0.4738,0.5262,0.1579,0.2521,0.3804,0.2096
10407,"高雄市","美濃區中圳里",871,2392,1192,1200,420,577,954,441,0.4983,0.5017,0.1756,0.2412,0.3988,0.1844
10407,"高雄市","彌陀區光和里",512,1505,746,759,317,498,544,146,0.4957,0.5043,0.2106,0.3309,0.3615,0.097
10407,"高雄市","彌陀區過港里",393,1098,541,557,228,338,382,150,0.4927,0.5073,0.2077,0.3078,0.3479,0.1366
10407,"高雄市","彌陀區海尾里",348,1020,479,541,195,328,360,137,0.4696,0.5304,0.1912,0.3216,0.3529,0.1343
10407,"高雄市","彌陀區舊港里",701,1911,876,1035,395,598,699,219,0.4584,0.5416,0.2067,0.3129,0.3658,0.1146
10407,"高雄市","彌陀區漯底里",437,1353,666,687,280,415,484,174,0.4922,0.5078,0.2069,0.3067,0.3577,0.1286
10407,"高雄市","彌陀區彌靖里",742,2182,1109,1073,458,642,775,307,0.5082,0.4918,0.2099,0.2942,0.3552,0.1407
10407,"高雄市","彌陀區彌仁里",254,666,314,352,114,187,240,125,0.4715,0.5285,0.1712,0.2808,0.3604,0.1877
10407,"高雄市","彌陀區彌壽里",283,865,430,435,158,253,331,123,0.4971,0.5029,0.1827,0.2925,0.3827,0.1422
10407,"高雄市","彌陀區彌陀里",684,2086,1024,1062,452,651,700,283,0.4909,0.5091,0.2167,0.3121,0.3356,0.1357
10407,"高雄市","彌陀區南寮里",767,2487,1212,1275,511,772,927,277,0.4873,0.5127,0.2055,0.3104,0.3727,0.1114
10407,"高雄市","彌陀區文安里",798,2085,991,1094,433,612,779,261,0.4753,0.5247,0.2077,0.2935,0.3736,0.1252
10407,"高雄市","彌陀區鹽埕里",842,2462,1132,1330,506,774,884,298,0.4598,0.5402,0.2055,0.3144,0.3591,0.121
10407,"高雄市","那瑪夏達卡努瓦里",435,1711,816,895,513,643,465,90,0.4769,0.5231,0.2998,0.3758,0.2718,0.0526
10407,"高雄市","那瑪夏瑪雅里",219,790,397,393,232,276,242,40,0.5025,0.4975,0.2937,0.3494,0.3063,0.0506
10407,"高雄市","那瑪夏南沙魯里",207,654,309,345,159,236,218,41,0.4725,0.5275,0.2431,0.3609,0.3333,0.0627
10407,"高雄市","楠梓區翠屏里",6796,16906,8650,8256,3375,5691,6807,1033,0.5117,0.4883,0.1996,0.3366,0.4026,0.0611
10407,"高雄市","楠梓區大昌里",935,2583,1312,1271,540,715,959,369,0.5079,0.4921,0.2091,0.2768,0.3713,0.1429
10407,"高雄市","楠梓區東寧里",1839,4893,2543,2350,1319,1649,1569,356,0.5197,0.4803,0.2696,0.337,0.3207,0.0728
10407,"高雄市","楠梓區福昌里",859,2465,1185,1280,509,712,951,293,0.4807,0.5193,0.2065,0.2888,0.3858,0.1189
10407,"高雄市","楠梓區廣昌里",1244,3568,1808,1760,688,1073,1319,488,0.5067,0.4933,0.1928,0.3007,0.3697,0.1368
10407,"高雄市","楠梓區國昌里",1443,4250,2149,2101,1053,1327,1539,331,0.5056,0.4944,0.2478,0.3122,0.3621,0.0779
10407,"高雄市","楠梓區和昌里",908,2381,1211,1170,397,712,940,332,0.5086,0.4914,0.1667,0.299,0.3948,0.1394
10407,"高雄市","楠梓區宏昌里",1430,3814,2000,1814,991,1178,1380,265,0.5244,0.4756,0.2598,0.3089,0.3618,0.0695
10407,"高雄市","楠梓區宏南里",661,1533,728,805,264,320,542,407,0.4749,0.5251,0.1722,0.2087,0.3536,0.2655
10407,"高雄市","楠梓區宏榮里",1181,3441,1685,1756,900,886,1028,627,0.4897,0.5103,0.2616,0.2575,0.2988,0.1822
10407,"高雄市","楠梓區宏毅里",1090,3372,1639,1733,902,703,1017,750,0.4861,0.5139,0.2675,0.2085,0.3016,0.2224
10407,"高雄市","楠梓區惠豐里",2271,5414,2782,2632,1122,1848,2023,421,0.5139,0.4861,0.2072,0.3413,0.3737,0.0778
10407,"高雄市","楠梓區惠民里",1671,4507,2262,2245,913,1409,1728,457,0.5019,0.4981,0.2026,0.3126,0.3834,0.1014
10407,"高雄市","楠梓區惠楠里",1684,3569,1672,1897,638,1059,1574,298,0.4685,0.5315,0.1788,0.2967,0.441,0.0835
10407,"高雄市","楠梓區加昌里",3847,9854,5110,4744,2288,3259,3574,733,0.5186,0.4814,0.2322,0.3307,0.3627,0.0744
10407,"高雄市","楠梓區建昌里",1250,3143,1574,1569,623,961,1193,366,0.5008,0.4992,0.1982,0.3058,0.3796,0.1164
10407,"高雄市","楠梓區金田里",1201,3858,1937,1921,730,1223,1450,455,0.5021,0.4979,0.1892,0.317,0.3758,0.1179
10407,"高雄市","楠梓區錦屏里",1283,3912,1957,1955,661,1253,1473,525,0.5003,0.4997,0.169,0.3203,0.3765,0.1342
10407,"高雄市","楠梓區久昌里",1130,3075,1556,1519,628,999,1206,242,0.506,0.494,0.2042,0.3249,0.3922,0.0787
10407,"高雄市","楠梓區藍田里",2615,6348,3167,3181,1811,2363,1900,274,0.4989,0.5011,0.2853,0.3722,0.2993,0.0432
10407,"高雄市","楠梓區隆昌里",1526,4084,2074,2010,842,1230,1543,469,0.5078,0.4922,0.2062,0.3012,0.3778,0.1148
10407,"高雄市","楠梓區清豐里",8901,24415,12351,12064,6682,8585,7979,1169,0.5059,0.4941,0.2737,0.3516,0.3268,0.0479
10407,"高雄市","楠梓區慶昌里",1386,3699,1914,1785,644,1157,1460,438,0.5174,0.4826,0.1741,0.3128,0.3947,0.1184
10407,"高雄市","楠梓區仁昌里",2386,5732,2999,2733,1290,2032,2044,366,0.5232,0.4768,0.2251,0.3545,0.3566,0.0639
10407,"高雄市","楠梓區稔田里",638,1843,917,926,313,593,706,231,0.4976,0.5024,0.1698,0.3218,0.3831,0.1253
10407,"高雄市","楠梓區瑞屏里",1605,4527,2328,2199,848,1552,1669,458,0.5142,0.4858,0.1873,0.3428,0.3687,0.1012
10407,"高雄市","楠梓區盛昌里",2105,6350,3221,3129,1466,2019,2399,466,0.5072,0.4928,0.2309,0.318,0.3778,0.0734
10407,"高雄市","楠梓區泰昌里",640,1743,851,892,363,498,662,220,0.4882,0.5118,0.2083,0.2857,0.3798,0.1262
10407,"高雄市","楠梓區五常里",2670,6936,3540,3396,1668,2340,2434,494,0.5104,0.4896,0.2405,0.3374,0.3509,0.0712
10407,"高雄市","楠梓區享平里",1368,3622,1912,1710,792,1106,1371,353,0.5279,0.4721,0.2187,0.3054,0.3785,0.0975
10407,"高雄市","楠梓區興昌里",1820,5162,2597,2565,1266,1652,1802,442,0.5031,0.4969,0.2453,0.32,0.3491,0.0856
10407,"高雄市","楠梓區秀昌里",976,2545,1299,1246,521,766,1006,252,0.5104,0.4896,0.2047,0.301,0.3953,0.099
10407,"高雄市","楠梓區玉屏里",855,2822,1406,1416,541,903,1041,337,0.4982,0.5018,0.1917,0.32,0.3689,0.1194
10407,"高雄市","楠梓區裕昌里",1849,5204,2646,2558,1393,1689,1731,391,0.5085,0.4915,0.2677,0.3246,0.3326,0.0751
10407,"高雄市","楠梓區中和里",915,2498,1225,1273,662,801,832,203,0.4904,0.5096,0.265,0.3207,0.3331,0.0813
10407,"高雄市","楠梓區中興里",648,1960,984,976,556,624,639,141,0.502,0.498,0.2837,0.3184,0.326,0.0719
10407,"高雄市","楠梓區中陽里",1254,3300,1617,1683,709,995,1149,447,0.49,0.51,0.2148,0.3015,0.3482,0.1355
10407,"高雄市","內門區東埔里",185,569,264,305,76,152,242,99,0.464,0.536,0.1336,0.2671,0.4253,0.174
10407,"高雄市","內門區溝坪里",350,1130,507,623,170,281,478,201,0.4487,0.5513,0.1504,0.2487,0.423,0.1779
10407,"高雄市","內門區觀亭里",672,1996,950,1046,326,510,772,388,0.476,0.524,0.1633,0.2555,0.3868,0.1944
10407,"高雄市","內門區光興里",260,779,365,414,141,185,291,162,0.4685,0.5315,0.181,0.2375,0.3736,0.208
10407,"高雄市","內門區金竹里",267,729,317,412,99,168,328,134,0.4348,0.5652,0.1358,0.2305,0.4499,0.1838
10407,"高雄市","內門區木柵里",236,692,291,401,97,171,301,123,0.4205,0.5795,0.1402,0.2471,0.435,0.1777
10407,"高雄市","內門區內東里",333,942,421,521,122,237,383,200,0.4469,0.5531,0.1295,0.2516,0.4066,0.2123
10407,"高雄市","內門區內豊里",459,1455,706,749,244,415,554,242,0.4852,0.5148,0.1677,0.2852,0.3808,0.1663
10407,"高雄市","內門區內門里",356,1126,545,581,189,265,454,218,0.484,0.516,0.1679,0.2353,0.4032,0.1936
10407,"高雄市","內門區內南里",154,457,196,261,60,128,189,80,0.4289,0.5711,0.1313,0.2801,0.4136,0.1751
10407,"高雄市","內門區內興里",217,681,291,390,113,156,300,112,0.4273,0.5727,0.1659,0.2291,0.4405,0.1645
10407,"高雄市","內門區瑞山里",159,368,169,199,35,77,171,85,0.4592,0.5408,0.0951,0.2092,0.4647,0.231
10407,"高雄市","內門區三平里",265,786,356,430,151,184,318,133,0.4529,0.5471,0.1921,0.2341,0.4046,0.1692
10407,"高雄市","內門區石坑里",191,585,284,301,102,152,239,92,0.4855,0.5145,0.1744,0.2598,0.4085,0.1573
10407,"高雄市","內門區永富里",367,1130,525,605,179,330,455,166,0.4646,0.5354,0.1584,0.292,0.4027,0.1469
10407,"高雄市","內門區永吉里",179,472,206,266,58,101,212,101,0.4364,0.5636,0.1229,0.214,0.4492,0.214
10407,"高雄市","內門區永興里",178,498,217,281,76,113,217,92,0.4357,0.5643,0.1526,0.2269,0.4357,0.1847
10407,"高雄市","內門區中埔里",231,656,304,352,95,161,261,139,0.4634,0.5366,0.1448,0.2454,0.3979,0.2119
10407,"高雄市","鳥松區大華里",4315,10856,5453,5403,1828,3249,4539,1240,0.5023,0.4977,0.1684,0.2993,0.4181,0.1142
10407,"高雄市","鳥松區大竹里",286,763,360,403,130,227,310,96,0.4718,0.5282,0.1704,0.2975,0.4063,0.1258
10407,"高雄市","鳥松區坔埔里",1436,4001,1870,2131,665,1270,1610,456,0.4674,0.5326,0.1662,0.3174,0.4024,0.114
10407,"高雄市","鳥松區華美里",1565,4490,2196,2294,814,1466,1756,454,0.4891,0.5109,0.1813,0.3265,0.3911,0.1011
10407,"高雄市","鳥松區夢裡里",2226,5086,2563,2523,889,1453,2222,522,0.5039,0.4961,0.1748,0.2857,0.4369,0.1026
10407,"高雄市","鳥松區鳥松里",5081,11305,5594,5711,1870,3586,4727,1122,0.4948,0.5052,0.1654,0.3172,0.4181,0.0992
10407,"高雄市","鳥松區仁美里",2694,7305,3460,3845,1247,2369,2834,855,0.4736,0.5264,0.1707,0.3243,0.388,0.117
10407,"高雄市","旗津區安順里",479,1023,478,545,180,283,419,141,0.4673,0.5327,0.176,0.2766,0.4096,0.1378
10407,"高雄市","旗津區北汕里",1198,3138,1464,1674,672,979,1135,352,0.4665,0.5335,0.2141,0.312,0.3617,0.1122
10407,"高雄市","旗津區慈愛里",915,2730,1333,1397,534,874,1011,311,0.4883,0.5117,0.1956,0.3201,0.3703,0.1139
10407,"高雄市","旗津區復興里",1221,3400,1683,1717,687,1147,1202,364,0.495,0.505,0.2021,0.3374,0.3535,0.1071
10407,"高雄市","旗津區南汕里",907,2307,1071,1236,410,749,883,265,0.4642,0.5358,0.1777,0.3247,0.3827,0.1149
10407,"高雄市","旗津區旗下里",494,1343,644,699,231,372,523,217,0.4795,0.5205,0.172,0.277,0.3894,0.1616
10407,"高雄市","旗津區上竹里",1385,3339,1574,1765,678,1056,1204,401,0.4714,0.5286,0.2031,0.3163,0.3606,0.1201
10407,"高雄市","旗津區實踐里",607,1571,769,802,262,455,636,218,0.4895,0.5105,0.1668,0.2896,0.4048,0.1388
10407,"高雄市","旗津區永安里",487,1278,607,671,208,395,486,189,0.475,0.525,0.1628,0.3091,0.3803,0.1479
10407,"高雄市","旗津區振興里",687,1866,890,976,298,580,735,253,0.477,0.523,0.1597,0.3108,0.3939,0.1356
10407,"高雄市","旗津區中華里",623,1784,883,901,392,576,640,176,0.495,0.505,0.2197,0.3229,0.3587,0.0987
10407,"高雄市","旗津區中興里",1055,2990,1509,1481,536,1088,1038,328,0.5047,0.4953,0.1793,0.3639,0.3472,0.1097
10407,"高雄市","旗津區中洲里",937,2034,959,1075,304,627,808,295,0.4715,0.5285,0.1495,0.3083,0.3972,0.145
10407,"高雄市","旗山區大德里",1063,2906,1481,1425,581,839,1043,443,0.5096,0.4904,0.1999,0.2887,0.3589,0.1524
10407,"高雄市","旗山區大林里",561,1611,735,876,246,412,635,318,0.4562,0.5438,0.1527,0.2557,0.3942,0.1974
10407,"高雄市","旗山區大山里",533,1439,661,778,190,357,564,328,0.4593,0.5407,0.132,0.2481,0.3919,0.2279
10407,"高雄市","旗山區東昌里",452,1197,585,612,194,292,488,223,0.4887,0.5113,0.1621,0.2439,0.4077,0.1863
10407,"高雄市","旗山區東平里",873,2298,1098,1200,414,585,884,415,0.4778,0.5222,0.1802,0.2546,0.3847,0.1806
10407,"高雄市","旗山區廣福里",284,724,326,398,137,173,284,130,0.4503,0.5497,0.1892,0.239,0.3923,0.1796
10407,"高雄市","旗山區鯤洲里",339,896,396,500,112,169,359,256,0.442,0.558,0.125,0.1886,0.4007,0.2857
10407,"高雄市","旗山區湄洲里",825,2028,1012,1016,342,508,782,396,0.499,0.501,0.1686,0.2505,0.3856,0.1953
10407,"高雄市","旗山區南勝里",898,2505,1175,1330,367,655,1005,478,0.4691,0.5309,0.1465,0.2615,0.4012,0.1908
10407,"高雄市","旗山區南洲里",570,1489,702,787,178,352,589,370,0.4715,0.5285,0.1195,0.2364,0.3956,0.2485
10407,"高雄市","旗山區瑞吉里",848,2436,1234,1202,511,698,877,350,0.5066,0.4934,0.2098,0.2865,0.36,0.1437
10407,"高雄市","旗山區三協里",938,2535,1198,1337,470,662,1009,394,0.4726,0.5274,0.1854,0.2611,0.398,0.1554
10407,"高雄市","旗山區上洲里",440,1132,536,596,153,265,470,244,0.4735,0.5265,0.1352,0.2341,0.4152,0.2155
10407,"高雄市","旗山區太平里",964,2713,1359,1354,543,762,976,432,0.5009,0.4991,0.2001,0.2809,0.3597,0.1592
10407,"高雄市","旗山區新光里",355,933,418,515,133,196,363,241,0.448,0.552,0.1426,0.2101,0.3891,0.2583
10407,"高雄市","旗山區永和里",1391,4105,2041,2064,956,1187,1475,487,0.4972,0.5028,0.2329,0.2892,0.3593,0.1186
10407,"高雄市","旗山區圓富里",703,2081,1014,1067,356,614,804,307,0.4873,0.5127,0.1711,0.2951,0.3864,0.1475
10407,"高雄市","旗山區中寮里",88,195,86,109,16,32,89,58,0.441,0.559,0.0821,0.1641,0.4564,0.2974
10407,"高雄市","旗山區中正里",595,1783,814,969,344,492,666,281,0.4565,0.5435,0.1929,0.2759,0.3735,0.1576
10407,"高雄市","旗山區中洲里",390,974,449,525,116,216,402,240,0.461,0.539,0.1191,0.2218,0.4127,0.2464
10407,"高雄市","旗山區竹峰里",740,1882,914,968,384,454,731,313,0.4857,0.5143,0.204,0.2412,0.3884,0.1663
10407,"高雄市","前金區北金里",436,1016,526,490,151,261,439,165,0.5177,0.4823,0.1486,0.2569,0.4321,0.1624
10407,"高雄市","前金區博孝里",507,1100,573,527,188,308,449,155,0.5209,0.4791,0.1709,0.28,0.4082,0.1409
10407,"高雄市","前金區草江里",512,1157,577,580,151,333,459,214,0.4987,0.5013,0.1305,0.2878,0.3967,0.185
10407,"高雄市","前金區東金里",531,1112,577,535,149,291,469,203,0.5189,0.4811,0.134,0.2617,0.4218,0.1826
10407,"高雄市","前金區復元里",490,1133,618,515,165,264,474,230,0.5455,0.4545,0.1456,0.233,0.4184,0.203
10407,"高雄市","前金區國民里",500,1133,582,551,174,278,485,196,0.5137,0.4863,0.1536,0.2454,0.4281,0.173
10407,"高雄市","前金區後金里",352,860,415,445,119,211,334,196,0.4826,0.5174,0.1384,0.2453,0.3884,0.2279
10407,"高雄市","前金區林投里",568,1137,500,637,131,277,513,216,0.4398,0.5602,0.1152,0.2436,0.4512,0.19
10407,"高雄市","前金區民生里",401,859,455,404,112,244,352,151,0.5297,0.4703,0.1304,0.2841,0.4098,0.1758
10407,"高雄市","前金區青山里",883,1789,960,829,249,513,727,300,0.5366,0.4634,0.1392,0.2868,0.4064,0.1677
10407,"高雄市","前金區榮復里",541,1238,635,603,166,363,509,200,0.5129,0.4871,0.1341,0.2932,0.4111,0.1616
10407,"高雄市","前金區三川里",366,780,386,394,96,228,311,145,0.4949,0.5051,0.1231,0.2923,0.3987,0.1859
10407,"高雄市","前金區社東里",817,1819,978,841,285,445,711,378,0.5377,0.4623,0.1567,0.2446,0.3909,0.2078
10407,"高雄市","前金區社西里",581,1186,634,552,192,327,472,195,0.5346,0.4654,0.1619,0.2757,0.398,0.1644
10407,"高雄市","前金區文東里",600,1378,743,635,221,326,564,267,0.5392,0.4608,0.1604,0.2366,0.4093,0.1938
10407,"高雄市","前金區文西里",461,1024,541,483,142,295,384,203,0.5283,0.4717,0.1387,0.2881,0.375,0.1982
10407,"高雄市","前金區新生里",1813,4095,2161,1934,708,1200,1620,567,0.5277,0.4723,0.1729,0.293,0.3956,0.1385
10407,"高雄市","前金區長城里",679,1526,779,747,196,412,631,287,0.5105,0.4895,0.1284,0.27,0.4135,0.1881
10407,"高雄市","前金區長生里",873,1925,1000,925,278,517,790,340,0.5195,0.4805,0.1444,0.2686,0.4104,0.1766
10407,"高雄市","前金區長興里",645,1267,659,608,159,367,535,206,0.5201,0.4799,0.1255,0.2897,0.4223,0.1626
10407,"高雄市","前鎮區草衙里",4205,11122,5630,5492,2413,3521,4257,931,0.5062,0.4938,0.217,0.3166,0.3828,0.0837
10407,"高雄市","前鎮區德昌里",971,2293,1151,1142,408,663,857,365,0.502,0.498,0.1779,0.2891,0.3737,0.1592
10407,"高雄市","前鎮區復國里",1312,3215,1648,1567,519,915,1247,534,0.5126,0.4874,0.1614,0.2846,0.3879,0.1661
10407,"高雄市","前鎮區建隆里",670,1355,699,656,212,389,565,189,0.5159,0.4841,0.1565,0.2871,0.417,0.1395
10407,"高雄市","前鎮區良和里",1309,3218,1669,1549,512,939,1405,362,0.5186,0.4814,0.1591,0.2918,0.4366,0.1125
10407,"高雄市","前鎮區民權里",1908,4832,2531,2301,986,1446,1924,476,0.5238,0.4762,0.2041,0.2993,0.3982,0.0985
10407,"高雄市","前鎮區明道里",585,1310,610,700,218,351,510,231,0.4656,0.5344,0.1664,0.2679,0.3893,0.1763
10407,"高雄市","前鎮區明禮里",809,1778,848,930,303,502,695,278,0.4769,0.5231,0.1704,0.2823,0.3909,0.1564
10407,"高雄市","前鎮區明孝里",1153,2834,1398,1436,523,869,1069,373,0.4933,0.5067,0.1845,0.3066,0.3772,0.1316
10407,"高雄市","前鎮區明義里",1125,2722,1351,1371,544,864,967,347,0.4963,0.5037,0.1999,0.3174,0.3553,0.1275
10407,"高雄市","前鎮區明正里",2535,5957,2907,3050,1222,1951,2131,653,0.488,0.512,0.2051,0.3275,0.3577,0.1096
10407,"高雄市","前鎮區平昌里",337,776,351,425,141,194,311,130,0.4523,0.5477,0.1817,0.25,0.4008,0.1675
10407,"高雄市","前鎮區平等里",1713,3089,1333,1756,464,874,1371,380,0.4315,0.5685,0.1502,0.2829,0.4438,0.123
10407,"高雄市","前鎮區前鎮里",671,1607,770,837,268,422,659,258,0.4792,0.5208,0.1668,0.2626,0.4101,0.1605
10407,"高雄市","前鎮區仁愛里",713,1519,739,780,235,411,628,245,0.4865,0.5135,0.1547,0.2706,0.4134,0.1613
10407,"高雄市","前鎮區瑞北里",1350,3416,1730,1686,507,1146,1350,413,0.5064,0.4936,0.1484,0.3355,0.3952,0.1209
10407,"高雄市","前鎮區瑞昌里",1437,3573,1817,1756,665,1256,1302,350,0.5085,0.4915,0.1861,0.3515,0.3644,0.098
10407,"高雄市","前鎮區瑞誠里",1225,3061,1555,1506,513,1017,1244,287,0.508,0.492,0.1676,0.3322,0.4064,0.0938
10407,"高雄市","前鎮區瑞東里",985,2938,1538,1400,777,762,985,414,0.5235,0.4765,0.2645,0.2594,0.3353,0.1409
10407,"高雄市","前鎮區瑞豐里",1243,3689,1883,1806,1079,1026,1214,370,0.5104,0.4896,0.2925,0.2781,0.3291,0.1003
10407,"高雄市","前鎮區瑞崗里",1186,2933,1475,1458,466,902,1178,387,0.5029,0.4971,0.1589,0.3075,0.4016,0.1319
10407,"高雄市","前鎮區瑞和里",846,2611,1293,1318,750,695,837,329,0.4952,0.5048,0.2872,0.2662,0.3206,0.126
10407,"高雄市","前鎮區瑞華里",1964,5264,2689,2575,1078,1553,2091,542,0.5108,0.4892,0.2048,0.295,0.3972,0.103
10407,"高雄市","前鎮區瑞隆里",1569,4358,2238,2120,1013,1288,1570,487,0.5135,0.4865,0.2324,0.2955,0.3603,0.1117
10407,"高雄市","前鎮區瑞南里",1978,5852,2930,2922,1523,1688,2024,617,0.5007,0.4993,0.2603,0.2884,0.3459,0.1054
10407,"高雄市","前鎮區瑞平里",1633,4783,2476,2307,1298,1402,1597,486,0.5177,0.4823,0.2714,0.2931,0.3339,0.1016
10407,"高雄市","前鎮區瑞文里",1064,2810,1406,1404,523,919,1109,259,0.5004,0.4996,0.1861,0.327,0.3947,0.0922
10407,"高雄市","前鎮區瑞西里",1183,3044,1505,1539,465,999,1070,510,0.4944,0.5056,0.1528,0.3282,0.3515,0.1675
10407,"高雄市","前鎮區瑞祥里",2127,6238,3269,2969,1812,1766,2153,507,0.524,0.476,0.2905,0.2831,0.3451,0.0813
10407,"高雄市","前鎮區瑞興里",1090,2994,1508,1486,527,946,1149,372,0.5037,0.4963,0.176,0.316,0.3838,0.1242
10407,"高雄市","前鎮區瑞竹里",880,2126,1105,1021,534,694,690,208,0.5198,0.4802,0.2512,0.3264,0.3246,0.0978
10407,"高雄市","前鎮區盛豐里",1544,3292,1760,1532,446,982,1355,509,0.5346,0.4654,0.1355,0.2983,0.4116,0.1546
10407,"高雄市","前鎮區盛興里",1476,3059,1651,1408,443,881,1316,419,0.5397,0.4603,0.1448,0.288,0.4302,0.137
10407,"高雄市","前鎮區西甲里",1032,2308,1163,1145,361,627,955,365,0.5039,0.4961,0.1564,0.2717,0.4138,0.1581
10407,"高雄市","前鎮區西山里",1730,3930,2029,1901,563,1143,1644,580,0.5163,0.4837,0.1433,0.2908,0.4183,0.1476
10407,"高雄市","前鎮區信德里",1168,2723,1302,1421,502,767,1038,416,0.4781,0.5219,0.1844,0.2817,0.3812,0.1528
10407,"高雄市","前鎮區信義里",701,1670,806,864,275,475,670,250,0.4826,0.5174,0.1647,0.2844,0.4012,0.1497
10407,"高雄市","前鎮區興邦里",1353,3260,1641,1619,694,1048,1266,252,0.5034,0.4966,0.2129,0.3215,0.3883,0.0773
10407,"高雄市","前鎮區興東里",2443,6225,3262,2963,1304,1887,2390,644,0.524,0.476,0.2095,0.3031,0.3839,0.1035
10407,"高雄市","前鎮區興化里",456,816,384,432,114,213,346,143,0.4706,0.5294,0.1397,0.261,0.424,0.1752
10407,"高雄市","前鎮區興仁里",419,855,394,461,113,237,349,156,0.4608,0.5392,0.1322,0.2772,0.4082,0.1825
10407,"高雄市","前鎮區興中里",1522,3507,1791,1716,506,1101,1441,459,0.5107,0.4893,0.1443,0.3139,0.4109,0.1309
10407,"高雄市","前鎮區振興里",1209,2516,1308,1208,402,754,1078,282,0.5199,0.4801,0.1598,0.2997,0.4285,0.1121
10407,"高雄市","前鎮區鎮北里",602,1208,582,626,153,358,507,190,0.4818,0.5182,0.1267,0.2964,0.4197,0.1573
10407,"高雄市","前鎮區鎮昌里",915,2381,1155,1226,432,705,926,318,0.4851,0.5149,0.1814,0.2961,0.3889,0.1336
10407,"高雄市","前鎮區鎮東里",826,2019,994,1025,270,565,815,369,0.4923,0.5077,0.1337,0.2798,0.4037,0.1828
10407,"高雄市","前鎮區鎮海里",1954,4806,2418,2388,888,1518,1832,568,0.5031,0.4969,0.1848,0.3159,0.3812,0.1182
10407,"高雄市","前鎮區鎮榮里",1072,2543,1276,1267,393,814,951,385,0.5018,0.4982,0.1545,0.3201,0.374,0.1514
10407,"高雄市","前鎮區鎮陽里",501,1072,528,544,104,322,442,204,0.4925,0.5075,0.097,0.3004,0.4123,0.1903
10407,"高雄市","前鎮區鎮中里",423,885,397,488,106,253,375,151,0.4486,0.5514,0.1198,0.2859,0.4237,0.1706
10407,"高雄市","前鎮區忠誠里",1058,2498,1227,1271,409,713,992,384,0.4912,0.5088,0.1637,0.2854,0.3971,0.1537
10407,"高雄市","前鎮區忠純里",2570,5661,2899,2762,885,1601,2240,935,0.5121,0.4879,0.1563,0.2828,0.3957,0.1652
10407,"高雄市","前鎮區忠孝里",1389,3056,1588,1468,484,888,1231,453,0.5196,0.4804,0.1584,0.2906,0.4028,0.1482
10407,"高雄市","前鎮區竹北里",1037,2556,1304,1252,485,759,1001,311,0.5102,0.4898,0.1897,0.2969,0.3916,0.1217
10407,"高雄市","前鎮區竹東里",1106,2576,1354,1222,410,864,1013,289,0.5256,0.4744,0.1592,0.3354,0.3932,0.1122
10407,"高雄市","前鎮區竹南里",3467,8468,4448,4020,2182,2848,2784,654,0.5253,0.4747,0.2577,0.3363,0.3288,0.0772
10407,"高雄市","前鎮區竹內里",1240,3183,1650,1533,565,1050,1155,413,0.5184,0.4816,0.1775,0.3299,0.3629,0.1298
10407,"高雄市","前鎮區竹西里",1823,4895,2509,2386,967,1423,1944,561,0.5126,0.4874,0.1975,0.2907,0.3971,0.1146
10407,"高雄市","前鎮區竹中里",1533,3864,2025,1839,709,1214,1488,453,0.5241,0.4759,0.1835,0.3142,0.3851,0.1172
10407,"高雄市","橋頭區白樹里",1351,3729,1872,1857,806,1124,1419,380,0.502,0.498,0.2161,0.3014,0.3805,0.1019
10407,"高雄市","橋頭區筆秀里",585,1810,852,958,377,525,688,220,0.4707,0.5293,0.2083,0.2901,0.3801,0.1215
10407,"高雄市","橋頭區德松里",567,1603,751,852,363,485,589,166,0.4685,0.5315,0.2265,0.3026,0.3674,0.1036
10407,"高雄市","橋頭區頂鹽里",575,1468,727,741,242,443,617,166,0.4952,0.5048,0.1649,0.3018,0.4203,0.1131
10407,"高雄市","橋頭區東林里",896,2800,1408,1392,524,873,1053,350,0.5029,0.4971,0.1871,0.3118,0.3761,0.125
10407,"高雄市","橋頭區甲北里",806,2276,1079,1197,364,718,914,280,0.4741,0.5259,0.1599,0.3155,0.4016,0.123
10407,"高雄市","橋頭區甲南里",977,2766,1310,1456,457,883,1093,333,0.4736,0.5264,0.1652,0.3192,0.3952,0.1204
10407,"高雄市","橋頭區橋南里",520,1333,647,686,257,374,486,216,0.4854,0.5146,0.1928,0.2806,0.3646,0.162
10407,"高雄市","橋頭區橋頭里",975,2547,1287,1260,592,697,922,336,0.5053,0.4947,0.2324,0.2737,0.362,0.1319
10407,"高雄市","橋頭區三德里",311,918,451,467,176,305,336,101,0.4913,0.5087,0.1917,0.3322,0.366,0.11
10407,"高雄市","橋頭區仕豐里",1014,2746,1348,1398,483,890,1049,324,0.4909,0.5091,0.1759,0.3241,0.382,0.118
10407,"高雄市","橋頭區仕和里",1477,4352,2201,2151,812,1454,1661,425,0.5057,0.4943,0.1866,0.3341,0.3817,0.0977
10407,"高雄市","橋頭區仕隆里",972,2769,1357,1412,499,799,1047,424,0.4901,0.5099,0.1802,0.2886,0.3781,0.1531
10407,"高雄市","橋頭區西林里",574,1714,827,887,277,485,657,295,0.4825,0.5175,0.1616,0.283,0.3833,0.1721
10407,"高雄市","橋頭區新莊里",879,2295,1152,1143,432,794,821,248,0.502,0.498,0.1882,0.346,0.3577,0.1081
10407,"高雄市","橋頭區芋寮里",470,1425,676,749,252,428,557,188,0.4744,0.5256,0.1768,0.3004,0.3909,0.1319
10407,"高雄市","橋頭區中崎里",277,798,365,433,127,242,322,107,0.4574,0.5426,0.1591,0.3033,0.4035,0.1341
10407,"高雄市","仁武區八卦里",6737,16935,8344,8591,3662,5885,6338,1050,0.4927,0.5073,0.2162,0.3475,0.3743,0.062
10407,"高雄市","仁武區赤山里",2280,6310,3079,3231,1412,2309,2249,340,0.488,0.512,0.2238,0.3659,0.3564,0.0539
10407,"高雄市","仁武區大灣里",1820,4330,2098,2232,823,1580,1651,276,0.4845,0.5155,0.1901,0.3649,0.3813,0.0637
10407,"高雄市","仁武區高楠里",762,1894,907,987,278,616,720,280,0.4789,0.5211,0.1468,0.3252,0.3801,0.1478
10407,"高雄市","仁武區後安里",1111,2991,1453,1538,601,985,1100,305,0.4858,0.5142,0.2009,0.3293,0.3678,0.102
10407,"高雄市","仁武區考潭里",1159,3029,1458,1571,470,948,1235,376,0.4813,0.5187,0.1552,0.313,0.4077,0.1241
10407,"高雄市","仁武區仁慈里",921,2397,1196,1201,485,774,933,205,0.499,0.501,0.2023,0.3229,0.3892,0.0855
10407,"高雄市","仁武區仁福里",339,960,466,494,160,307,367,126,0.4854,0.5146,0.1667,0.3198,0.3823,0.1312
10407,"高雄市","仁武區仁和里",1537,4405,2165,2240,1050,1500,1569,286,0.4915,0.5085,0.2384,0.3405,0.3562,0.0649
10407,"高雄市","仁武區仁武里",2374,6300,3030,3270,1278,2075,2342,605,0.481,0.519,0.2029,0.3294,0.3717,0.096
10407,"高雄市","仁武區灣內里",3058,8133,4058,4075,1876,2953,2870,434,0.499,0.501,0.2307,0.3631,0.3529,0.0534
10407,"高雄市","仁武區文武里",3666,10416,5123,5293,2503,3529,3641,743,0.4918,0.5082,0.2403,0.3388,0.3496,0.0713
10407,"高雄市","仁武區烏林里",1333,4539,2250,2289,945,1537,1607,450,0.4957,0.5043,0.2082,0.3386,0.354,0.0991
10407,"高雄市","仁武區五和里",1822,4818,2320,2498,1017,1759,1731,311,0.4815,0.5185,0.2111,0.3651,0.3593,0.0645
10407,"高雄市","仁武區中華里",824,1859,867,992,295,588,780,196,0.4664,0.5336,0.1587,0.3163,0.4196,0.1054
10407,"高雄市","仁武區竹後里",1023,2494,1209,1285,415,774,997,308,0.4848,0.5152,0.1664,0.3103,0.3998,0.1235
10407,"高雄市","三民二安發里",2104,5458,2890,2568,1122,1715,2138,483,0.5295,0.4705,0.2056,0.3142,0.3917,0.0885
10407,"高雄市","三民二安吉里",2309,5628,2966,2662,1151,1701,2225,551,0.527,0.473,0.2045,0.3022,0.3953,0.0979
10407,"高雄市","三民二安康里",1405,3378,1659,1719,580,919,1349,530,0.4911,0.5089,0.1717,0.2721,0.3993,0.1569
10407,"高雄市","三民二安寧里",946,2152,1087,1065,339,572,876,365,0.5051,0.4949,0.1575,0.2658,0.4071,0.1696
10407,"高雄市","三民二寶安里",3240,8001,4251,3750,1504,2658,3124,715,0.5313,0.4687,0.188,0.3322,0.3905,0.0894
10407,"高雄市","三民二寶德里",2114,5709,2967,2742,1043,1921,2246,499,0.5197,0.4803,0.1827,0.3365,0.3934,0.0874
10407,"高雄市","三民二寶國里",3598,9978,5246,4732,2770,2902,3690,616,0.5258,0.4742,0.2776,0.2908,0.3698,0.0617
10407,"高雄市","三民二寶華里",1393,3853,2026,1827,900,1181,1482,290,0.5258,0.4742,0.2336,0.3065,0.3846,0.0753
10407,"高雄市","三民二寶龍里",1843,5044,2572,2472,1126,1415,1873,630,0.5099,0.4901,0.2232,0.2805,0.3713,0.1249
10407,"高雄市","三民二寶民里",1396,3753,1914,1839,819,1258,1356,320,0.51,0.49,0.2182,0.3352,0.3613,0.0853
10407,"高雄市","三民二寶慶里",1174,3266,1715,1551,756,1017,1228,265,0.5251,0.4749,0.2315,0.3114,0.376,0.0811
10407,"高雄市","三民二寶盛里",2252,5695,2927,2768,1021,1833,2263,578,0.514,0.486,0.1793,0.3219,0.3974,0.1015
10407,"高雄市","三民二寶獅里",1571,4142,2112,2030,695,1402,1623,422,0.5099,0.4901,0.1678,0.3385,0.3918,0.1019
10407,"高雄市","三民二寶泰里",1921,4568,2415,2153,869,1491,1851,357,0.5287,0.4713,0.1902,0.3264,0.4052,0.0782
10407,"高雄市","三民二寶興里",2933,7375,3846,3529,1308,2477,2834,756,0.5215,0.4785,0.1774,0.3359,0.3843,0.1025
10407,"高雄市","三民二寶業里",2295,6150,3226,2924,1544,1826,2310,470,0.5246,0.4754,0.2511,0.2969,0.3756,0.0764
10407,"高雄市","三民二寶玉里",3718,10172,5373,4799,2664,3077,3771,660,0.5282,0.4718,0.2619,0.3025,0.3707,0.0649
10407,"高雄市","三民二寶中里",1294,3710,1885,1825,806,1199,1285,420,0.5081,0.4919,0.2173,0.3232,0.3464,0.1132
10407,"高雄市","三民二寶珠里",3461,7240,3456,3784,1080,2237,3168,755,0.4773,0.5227,0.1492,0.309,0.4376,0.1043
10407,"高雄市","三民二本安里",1934,5880,3034,2846,1693,1770,2038,379,0.516,0.484,0.2879,0.301,0.3466,0.0645
10407,"高雄市","三民二本館里",3874,9796,4996,4800,1778,3142,3937,939,0.51,0.49,0.1815,0.3207,0.4019,0.0959
10407,"高雄市","三民二本和里",3154,8231,4250,3981,1633,2725,3228,645,0.5163,0.4837,0.1984,0.3311,0.3922,0.0784
10407,"高雄市","三民二本上里",1985,5901,3121,2780,1594,1782,2153,372,0.5289,0.4711,0.2701,0.302,0.3649,0.063
10407,"高雄市","三民二本文里",939,2340,1204,1136,413,730,870,327,0.5145,0.4855,0.1765,0.312,0.3718,0.1397
10407,"高雄市","三民二本武里",765,2132,1093,1039,535,652,688,257,0.5127,0.4873,0.2509,0.3058,0.3227,0.1205
10407,"高雄市","三民二本揚里",3271,9361,4942,4419,2483,2822,3287,769,0.5279,0.4721,0.2652,0.3015,0.3511,0.0821
10407,"高雄市","三民二本元里",2298,6492,3399,3093,1618,1961,2374,539,0.5236,0.4764,0.2492,0.3021,0.3657,0.083
10407,"高雄市","三民二鼎金里",1751,4644,2337,2307,864,1591,1713,476,0.5032,0.4968,0.186,0.3426,0.3689,0.1025
10407,"高雄市","三民二鼎力里",1493,4291,2183,2108,895,1366,1578,452,0.5087,0.4913,0.2086,0.3183,0.3677,0.1053
10407,"高雄市","三民二鼎強里",1690,4672,2370,2302,926,1599,1735,412,0.5073,0.4927,0.1982,0.3423,0.3714,0.0882
10407,"高雄市","三民二鼎盛里",3228,8813,4537,4276,2031,2898,3222,662,0.5148,0.4852,0.2305,0.3288,0.3656,0.0751
10407,"高雄市","三民二鼎泰里",9470,24752,13114,11638,6320,6577,10019,1836,0.5298,0.4702,0.2553,0.2657,0.4048,0.0742
10407,"高雄市","三民二鼎西里",3238,8343,4271,4072,1623,2920,3045,755,0.5119,0.4881,0.1945,0.35,0.365,0.0905
10407,"高雄市","三民二鼎中里",1383,3811,1927,1884,619,1269,1515,408,0.5056,0.4944,0.1624,0.333,0.3975,0.1071
10407,"高雄市","三民二灣愛里",1454,3532,1763,1769,586,1093,1427,426,0.4992,0.5008,0.1659,0.3095,0.404,0.1206
10407,"高雄市","三民二灣成里",1056,2638,1341,1297,539,788,1018,293,0.5083,0.4917,0.2043,0.2987,0.3859,0.1111
10407,"高雄市","三民二灣復里",1858,4138,2102,2036,647,1391,1682,418,0.508,0.492,0.1564,0.3362,0.4065,0.101
10407,"高雄市","三民二灣華里",1319,2998,1536,1462,442,898,1242,416,0.5123,0.4877,0.1474,0.2995,0.4143,0.1388
10407,"高雄市","三民二灣利里",1453,3564,1794,1770,508,1135,1370,551,0.5034,0.4966,0.1425,0.3185,0.3844,0.1546
10407,"高雄市","三民二灣勝里",847,2150,1066,1084,299,679,801,371,0.4958,0.5042,0.1391,0.3158,0.3726,0.1726
10407,"高雄市","三民二灣興里",828,2257,1129,1128,505,647,809,296,0.5002,0.4998,0.2237,0.2867,0.3584,0.1311
10407,"高雄市","三民二灣中里",2699,6003,3076,2927,919,2058,2332,694,0.5124,0.4876,0.1531,0.3428,0.3885,0.1156
10407,"高雄市","三民二灣子里",1895,4366,2250,2116,795,1423,1728,420,0.5153,0.4847,0.1821,0.3259,0.3958,0.0962
10407,"高雄市","三民二正順里",1869,4656,2451,2205,989,1415,1747,505,0.5264,0.4736,0.2124,0.3039,0.3752,0.1085
10407,"高雄市","三民二正興里",5444,14226,7523,6703,3556,4180,5405,1085,0.5288,0.4712,0.25,0.2938,0.3799,0.0763
10407,"高雄市","三民一安邦里",1896,4438,2130,2308,712,1240,1794,692,0.4799,0.5201,0.1604,0.2794,0.4042,0.1559
10407,"高雄市","三民一安東里",1258,3415,1736,1679,645,963,1256,551,0.5083,0.4917,0.1889,0.282,0.3678,0.1613
10407,"高雄市","三民一安和里",1069,2938,1464,1474,508,872,1118,440,0.4983,0.5017,0.1729,0.2968,0.3805,0.1498
10407,"高雄市","三民一安生里",671,1695,838,857,285,466,673,271,0.4944,0.5056,0.1681,0.2749,0.3971,0.1599
10407,"高雄市","三民一安泰里",1816,4510,2277,2233,753,1326,1775,656,0.5049,0.4951,0.167,0.294,0.3936,0.1455
10407,"高雄市","三民一安宜里",1336,3685,1854,1831,687,1055,1379,564,0.5031,0.4969,0.1864,0.2863,0.3742,0.1531
10407,"高雄市","三民一博愛里",671,1414,714,700,187,412,589,226,0.505,0.495,0.1322,0.2914,0.4165,0.1598
10407,"高雄市","三民一博惠里",1921,4884,2537,2347,946,1439,1878,621,0.5195,0.4805,0.1937,0.2946,0.3845,0.1271
10407,"高雄市","三民一川東里",583,1455,710,745,245,393,633,184,0.488,0.512,0.1684,0.2701,0.4351,0.1265
10407,"高雄市","三民一達德里",599,1621,801,820,304,466,556,295,0.4941,0.5059,0.1875,0.2875,0.343,0.182
10407,"高雄市","三民一達明里",687,1788,929,859,309,489,675,315,0.5196,0.4804,0.1728,0.2735,0.3775,0.1762
10407,"高雄市","三民一達仁里",660,1768,946,822,309,525,652,282,0.5351,0.4649,0.1748,0.2969,0.3688,0.1595
10407,"高雄市","三民一達勇里",482,1196,608,588,220,303,470,203,0.5084,0.4916,0.1839,0.2533,0.393,0.1697
10407,"高雄市","三民一德北里",883,2158,1086,1072,311,644,885,318,0.5032,0.4968,0.1441,0.2984,0.4101,0.1474
10407,"高雄市","三民一德東里",387,913,452,461,130,255,365,163,0.4951,0.5049,0.1424,0.2793,0.3998,0.1785
10407,"高雄市","三民一德仁里",942,2273,1155,1118,363,741,859,310,0.5081,0.4919,0.1597,0.326,0.3779,0.1364
10407,"高雄市","三民一德西里",381,978,473,505,171,276,393,138,0.4836,0.5164,0.1748,0.2822,0.4018,0.1411
10407,"高雄市","三民一德行里",486,1275,639,636,204,363,481,227,0.5012,0.4988,0.16,0.2847,0.3773,0.178
10407,"高雄市","三民一德智里",1017,2666,1373,1293,460,815,974,417,0.515,0.485,0.1725,0.3057,0.3653,0.1564
10407,"高雄市","三民一豐裕里",1128,2929,1465,1464,457,891,1150,431,0.5002,0.4998,0.156,0.3042,0.3926,0.1471
10407,"高雄市","三民一鳳北里",648,1598,772,826,230,434,633,301,0.4831,0.5169,0.1439,0.2716,0.3961,0.1884
10407,"高雄市","三民一鳳南里",455,1070,521,549,140,281,451,198,0.4869,0.5131,0.1308,0.2626,0.4215,0.185
10407,"高雄市","三民一港東里",793,1590,810,780,200,464,667,259,0.5094,0.4906,0.1258,0.2918,0.4195,0.1629
10407,"高雄市","三民一港西里",436,856,414,442,99,222,387,148,0.4836,0.5164,0.1157,0.2593,0.4521,0.1729
10407,"高雄市","三民一港新里",713,1641,851,790,278,465,658,240,0.5186,0.4814,0.1694,0.2834,0.401,0.1463
10407,"高雄市","三民一建東里",762,1358,721,637,166,390,618,184,0.5309,0.4691,0.1222,0.2872,0.4551,0.1355
10407,"高雄市","三民一精華里",713,1751,909,842,279,449,689,334,0.5191,0.4809,0.1593,0.2564,0.3935,0.1907
10407,"高雄市","三民一力行里",486,1288,609,679,191,399,490,208,0.4728,0.5272,0.1483,0.3098,0.3804,0.1615
10407,"高雄市","三民一立誠里",348,867,459,408,136,226,312,193,0.5294,0.4706,0.1569,0.2607,0.3599,0.2226
10407,"高雄市","三民一立德里",555,1335,681,654,208,353,534,240,0.5101,0.4899,0.1558,0.2644,0.4,0.1798
10407,"高雄市","三民一立業里",464,1137,590,547,172,329,418,218,0.5189,0.4811,0.1513,0.2894,0.3676,0.1917
10407,"高雄市","三民一民享里",907,2391,1242,1149,382,700,907,402,0.5194,0.4806,0.1598,0.2928,0.3793,0.1681
10407,"高雄市","三民一千北里",484,1240,634,606,189,333,489,229,0.5113,0.4887,0.1524,0.2685,0.3944,0.1847
10407,"高雄市","三民一千秋里",995,2336,1152,1184,308,711,974,343,0.4932,0.5068,0.1318,0.3044,0.417,0.1468
10407,"高雄市","三民一千歲里",544,1317,702,615,198,364,516,239,0.533,0.467,0.1503,0.2764,0.3918,0.1815
10407,"高雄市","三民一十美里",829,2149,1069,1080,360,644,846,299,0.4974,0.5026,0.1675,0.2997,0.3937,0.1391
10407,"高雄市","三民一十全里",715,1846,929,917,350,534,707,255,0.5033,0.4967,0.1896,0.2893,0.383,0.1381
10407,"高雄市","三民一同德里",1275,3156,1565,1591,485,944,1219,508,0.4959,0.5041,0.1537,0.2991,0.3862,0.161
10407,"高雄市","三民一興德里",910,2016,1014,1002,313,545,868,290,0.503,0.497,0.1553,0.2703,0.4306,0.1438
10407,"高雄市","三民一裕民里",595,1496,728,768,315,456,561,164,0.4866,0.5134,0.2106,0.3048,0.375,0.1096
10407,"高雄市","三民一長明里",544,1283,643,640,233,381,479,190,0.5012,0.4988,0.1816,0.297,0.3733,0.1481
10407,"高雄市","杉林區大愛里",844,2404,1129,1275,546,688,867,303,0.4696,0.5304,0.2271,0.2862,0.3606,0.126
10407,"高雄市","杉林區集來里",630,1528,655,873,192,364,679,293,0.4287,0.5713,0.1257,0.2382,0.4444,0.1918
10407,"高雄市","杉林區木梓里",318,780,339,441,95,162,372,151,0.4346,0.5654,0.1218,0.2077,0.4769,0.1936
10407,"高雄市","杉林區杉林里",309,759,337,422,97,175,333,154,0.444,0.556,0.1278,0.2306,0.4387,0.2029
10407,"高雄市","杉林區上平里",749,1862,860,1002,248,463,792,359,0.4619,0.5381,0.1332,0.2487,0.4253,0.1928
10407,"高雄市","杉林區新庄里",723,1763,809,954,212,365,775,411,0.4589,0.5411,0.1202,0.207,0.4396,0.2331
10407,"高雄市","杉林區月眉里",709,1922,871,1051,249,464,827,382,0.4532,0.5468,0.1296,0.2414,0.4303,0.1988
10407,"高雄市","杉林區月美里",534,1410,635,775,217,320,590,283,0.4504,0.5496,0.1539,0.227,0.4184,0.2007
10407,"高雄市","桃源區寶山里",177,503,232,271,74,183,210,36,0.4612,0.5388,0.1471,0.3638,0.4175,0.0716
10407,"高雄市","桃源區復興里",113,343,162,181,89,129,102,23,0.4723,0.5277,0.2595,0.3761,0.2974,0.0671
10407,"高雄市","桃源區高中里",232,766,364,402,202,261,256,47,0.4752,0.5248,0.2637,0.3407,0.3342,0.0614
10407,"高雄市","桃源區建山里",212,767,381,386,208,268,251,40,0.4967,0.5033,0.2712,0.3494,0.3272,0.0522
10407,"高雄市","桃源區拉芙蘭里",101,286,130,156,64,129,81,12,0.4545,0.5455,0.2238,0.451,0.2832,0.042
10407,"高雄市","桃源區梅山里",101,316,144,172,74,118,107,17,0.4557,0.5443,0.2342,0.3734,0.3386,0.0538
10407,"高雄市","桃源區勤和里",96,280,143,137,80,114,80,6,0.5107,0.4893,0.2857,0.4071,0.2857,0.0214
10407,"高雄市","桃源區桃源里",294,982,465,517,282,333,300,67,0.4735,0.5265,0.2872,0.3391,0.3055,0.0682
10407,"高雄市","田寮區崇德里",395,1080,495,585,168,280,404,228,0.4583,0.5417,0.1556,0.2593,0.3741,0.2111
10407,"高雄市","田寮區大同里",200,418,181,237,42,77,194,105,0.433,0.567,0.1005,0.1842,0.4641,0.2512
10407,"高雄市","田寮區古亭里",286,598,254,344,54,99,271,174,0.4247,0.5753,0.0903,0.1656,0.4532,0.291
10407,"高雄市","田寮區鹿埔里",166,398,174,224,54,98,167,79,0.4372,0.5628,0.1357,0.2462,0.4196,0.1985
10407,"高雄市","田寮區南安里",558,1221,532,689,110,238,560,313,0.4357,0.5643,0.0901,0.1949,0.4586,0.2563
10407,"高雄市","田寮區七星里",418,660,282,378,35,89,324,212,0.4273,0.5727,0.053,0.1348,0.4909,0.3212
10407,"高雄市","田寮區三和里",208,436,182,254,46,90,199,101,0.4174,0.5826,0.1055,0.2064,0.4564,0.2317
10407,"高雄市","田寮區田寮里",199,388,179,209,31,88,159,110,0.4613,0.5387,0.0799,0.2268,0.4098,0.2835
10407,"高雄市","田寮區西德里",394,925,424,501,112,182,395,236,0.4584,0.5416,0.1211,0.1968,0.427,0.2551
10407,"高雄市","田寮區新興里",569,1408,652,756,187,352,542,327,0.4631,0.5369,0.1328,0.25,0.3849,0.2322
10407,"高雄市","小港區大苓里",1265,2991,1529,1462,554,1040,1135,262,0.5112,0.4888,0.1852,0.3477,0.3795,0.0876
10407,"高雄市","小港區大坪里",1104,3074,1535,1539,681,1071,1045,277,0.4993,0.5007,0.2215,0.3484,0.3399,0.0901
10407,"高雄市","小港區店鎮里",2977,6890,3455,3435,1456,2326,2574,534,0.5015,0.4985,0.2113,0.3376,0.3736,0.0775
10407,"高雄市","小港區二苓里",2026,4580,2269,2311,960,1465,1703,452,0.4954,0.5046,0.2096,0.3199,0.3718,0.0987
10407,"高雄市","小港區鳳宮里",1096,2686,1361,1325,566,920,994,206,0.5067,0.4933,0.2107,0.3425,0.3701,0.0767
10407,"高雄市","小港區鳳林里",2005,3384,1752,1632,593,1060,1351,380,0.5177,0.4823,0.1752,0.3132,0.3992,0.1123
10407,"高雄市","小港區鳳鳴里",1878,3483,1726,1757,600,1130,1327,426,0.4955,0.5045,0.1723,0.3244,0.381,0.1223
10407,"高雄市","小港區鳳森里",1430,2474,1252,1222,419,828,937,290,0.5061,0.4939,0.1694,0.3347,0.3787,0.1172
10407,"高雄市","小港區鳳興里",1646,2802,1428,1374,518,972,1033,279,0.5096,0.4904,0.1849,0.3469,0.3687,0.0996
10407,"高雄市","小港區鳳源里",2419,4139,2047,2092,795,1403,1512,429,0.4946,0.5054,0.1921,0.339,0.3653,0.1036
10407,"高雄市","小港區港后里",1163,3079,1516,1563,735,1018,1093,233,0.4924,0.5076,0.2387,0.3306,0.355,0.0757
10407,"高雄市","小港區港口里",1534,3767,1860,1907,661,1238,1524,344,0.4938,0.5062,0.1755,0.3286,0.4046,0.0913
10407,"高雄市","小港區港明里",1493,3992,1995,1997,862,1298,1451,381,0.4997,0.5003,0.2159,0.3252,0.3635,0.0954
10407,"高雄市","小港區港南里",1364,2779,1288,1491,526,872,1157,224,0.4635,0.5365,0.1893,0.3138,0.4163,0.0806
10407,"高雄市","小港區港墘里",835,2136,1074,1062,437,683,804,212,0.5028,0.4972,0.2046,0.3198,0.3764,0.0993
10407,"高雄市","小港區港興里",1154,2758,1354,1404,561,818,1013,366,0.4909,0.5091,0.2034,0.2966,0.3673,0.1327
10407,"高雄市","小港區港正里",1210,3162,1547,1615,672,1007,1174,309,0.4892,0.5108,0.2125,0.3185,0.3713,0.0977
10407,"高雄市","小港區高松里",1881,4430,2189,2241,821,1589,1614,406,0.4941,0.5059,0.1853,0.3587,0.3643,0.0916
10407,"高雄市","小港區桂林里",3531,9382,4709,4673,2269,3038,3450,625,0.5019,0.4981,0.2418,0.3238,0.3677,0.0666
10407,"高雄市","小港區合作里",1160,3093,1528,1565,683,1012,1113,285,0.494,0.506,0.2208,0.3272,0.3598,0.0921
10407,"高雄市","小港區宏亮里",1595,4143,2157,1986,1041,1366,1461,275,0.5206,0.4794,0.2513,0.3297,0.3526,0.0664
10407,"高雄市","小港區濟南里",1990,4692,2348,2344,953,1532,1810,397,0.5004,0.4996,0.2031,0.3265,0.3858,0.0846
10407,"高雄市","小港區孔宅里",1989,4897,2436,2461,1012,1635,1859,391,0.4974,0.5026,0.2067,0.3339,0.3796,0.0798
10407,"高雄市","小港區六苓里",1194,3368,1762,1606,946,1083,1148,191,0.5232,0.4768,0.2809,0.3216,0.3409,0.0567
10407,"高雄市","小港區龍鳳里",1981,3444,1723,1721,656,1117,1259,412,0.5003,0.4997,0.1905,0.3243,0.3656,0.1196
10407,"高雄市","小港區坪頂里",2401,6367,3067,3300,1407,2441,2067,452,0.4817,0.5183,0.221,0.3834,0.3246,0.071
10407,"高雄市","小港區青島里",1216,2714,1399,1315,525,818,1071,300,0.5155,0.4845,0.1934,0.3014,0.3946,0.1105
10407,"高雄市","小港區三苓里",1486,3364,1716,1648,626,1138,1281,319,0.5101,0.4899,0.1861,0.3383,0.3808,0.0948
10407,"高雄市","小港區廈莊里",1389,3443,1699,1744,750,1231,1210,252,0.4935,0.5065,0.2178,0.3575,0.3514,0.0732
10407,"高雄市","小港區山東里",1504,3446,1746,1700,658,1170,1291,327,0.5067,0.4933,0.1909,0.3395,0.3746,0.0949
10407,"高雄市","小港區山明里",5299,13327,6768,6559,3468,4469,4562,828,0.5078,0.4922,0.2602,0.3353,0.3423,0.0621
10407,"高雄市","小港區順苓里",2223,5418,2811,2607,1278,1819,2023,298,0.5188,0.4812,0.2359,0.3357,0.3734,0.055
10407,"高雄市","小港區松金里",1190,3113,1566,1547,652,1086,1149,226,0.5031,0.4969,0.2094,0.3489,0.3691,0.0726
10407,"高雄市","小港區松山里",1530,3634,1853,1781,750,1358,1264,262,0.5099,0.4901,0.2064,0.3737,0.3478,0.0721
10407,"高雄市","小港區泰山里",1533,3837,1918,1919,843,1315,1408,271,0.4999,0.5001,0.2197,0.3427,0.367,0.0706
10407,"高雄市","小港區小港里",1105,2741,1334,1407,601,792,988,360,0.4867,0.5133,0.2193,0.2889,0.3605,0.1313
10407,"高雄市","小港區正苓里",1954,4965,2527,2438,1087,1694,1852,332,0.509,0.491,0.2189,0.3412,0.373,0.0669
10407,"高雄市","小港區中厝里",1528,4005,1941,2064,859,1328,1498,320,0.4846,0.5154,0.2145,0.3316,0.374,0.0799
10407,"高雄市","新興區愛平里",525,1102,593,509,141,311,448,202,0.5381,0.4619,0.1279,0.2822,0.4065,0.1833
10407,"高雄市","新興區成功里",575,1257,664,593,152,324,537,244,0.5282,0.4718,0.1209,0.2578,0.4272,0.1941
10407,"高雄市","新興區大明里",535,1241,665,576,179,328,511,223,0.5359,0.4641,0.1442,0.2643,0.4118,0.1797
10407,"高雄市","新興區德生里",1521,3532,1900,1632,707,976,1372,477,0.5379,0.4621,0.2002,0.2763,0.3884,0.1351
10407,"高雄市","新興區德望里",986,2298,1197,1101,360,650,897,391,0.5209,0.4791,0.1567,0.2829,0.3903,0.1701
10407,"高雄市","新興區德政里",350,798,424,374,112,217,334,135,0.5313,0.4687,0.1404,0.2719,0.4185,0.1692
10407,"高雄市","新興區東坡里",621,1420,711,709,201,382,572,265,0.5007,0.4993,0.1415,0.269,0.4028,0.1866
10407,"高雄市","新興區光耀里",1134,2875,1519,1356,647,799,1010,419,0.5283,0.4717,0.225,0.2779,0.3513,0.1457
10407,"高雄市","新興區漢民里",364,804,427,377,113,217,322,152,0.5311,0.4689,0.1405,0.2699,0.4005,0.1891
10407,"高雄市","新興區浩然里",957,2036,1091,945,273,516,866,381,0.5359,0.4641,0.1341,0.2534,0.4253,0.1871
10407,"高雄市","新興區華聲里",463,1131,573,558,168,340,433,190,0.5066,0.4934,0.1485,0.3006,0.3828,0.168
10407,"高雄市","新興區建華里",443,949,482,467,107,257,406,179,0.5079,0.4921,0.1128,0.2708,0.4278,0.1886
10407,"高雄市","新興區建興里",501,1051,514,537,135,334,400,182,0.4891,0.5109,0.1284,0.3178,0.3806,0.1732
10407,"高雄市","新興區蕉園里",360,844,404,440,118,237,333,156,0.4787,0.5213,0.1398,0.2808,0.3945,0.1848
10407,"高雄市","新興區開平里",1581,4115,2178,1937,902,1151,1563,499,0.5293,0.4707,0.2192,0.2797,0.3798,0.1213
10407,"高雄市","新興區黎明里",438,974,475,499,143,281,405,145,0.4877,0.5123,0.1468,0.2885,0.4158,0.1489
10407,"高雄市","新興區明莊里",362,768,370,398,86,189,330,163,0.4818,0.5182,0.112,0.2461,0.4297,0.2122
10407,"高雄市","新興區南港里",932,2193,1074,1119,299,668,893,333,0.4897,0.5103,0.1363,0.3046,0.4072,0.1518
10407,"高雄市","新興區秋山里",456,906,450,456,87,254,394,171,0.4967,0.5033,0.096,0.2804,0.4349,0.1887
10407,"高雄市","新興區仁聲里",581,1142,631,511,166,318,488,170,0.5525,0.4475,0.1454,0.2785,0.4273,0.1489
10407,"高雄市","新興區榮治里",356,882,454,428,160,218,359,145,0.5147,0.4853,0.1814,0.2472,0.407,0.1644
10407,"高雄市","新興區順昌里",894,2285,1162,1123,514,597,827,347,0.5085,0.4915,0.2249,0.2613,0.3619,0.1519
10407,"高雄市","新興區文昌里",1265,3145,1634,1511,729,775,1174,467,0.5196,0.4804,0.2318,0.2464,0.3733,0.1485
10407,"高雄市","新興區新江里",581,1322,676,646,219,396,515,192,0.5113,0.4887,0.1657,0.2995,0.3896,0.1452
10407,"高雄市","新興區興昌里",843,2100,1113,987,420,533,810,337,0.53,0.47,0.2,0.2538,0.3857,0.1605
10407,"高雄市","新興區永寧里",698,1546,785,761,213,436,618,279,0.5078,0.4922,0.1378,0.282,0.3997,0.1805
10407,"高雄市","新興區玉衡里",458,967,451,516,127,267,407,166,0.4664,0.5336,0.1313,0.2761,0.4209,0.1717
10407,"高雄市","新興區長驛里",507,1068,561,507,162,310,444,152,0.5253,0.4747,0.1517,0.2903,0.4157,0.1423
10407,"高雄市","新興區振成里",596,1256,650,606,175,295,527,259,0.5175,0.4825,0.1393,0.2349,0.4196,0.2062
10407,"高雄市","新興區振華里",573,1311,692,619,210,319,524,258,0.5278,0.4722,0.1602,0.2433,0.3997,0.1968
10407,"高雄市","新興區正氣里",715,1583,834,749,208,384,651,340,0.5268,0.4732,0.1314,0.2426,0.4112,0.2148
10407,"高雄市","新興區中東里",1544,3262,1668,1594,585,914,1378,385,0.5113,0.4887,0.1793,0.2802,0.4224,0.118
10407,"高雄市","鹽埕區博愛里",325,729,376,353,97,208,290,134,0.5158,0.4842,0.1331,0.2853,0.3978,0.1838
10407,"高雄市","鹽埕區慈愛里",165,375,187,188,52,101,158,64,0.4987,0.5013,0.1387,0.2693,0.4213,0.1707
10407,"高雄市","鹽埕區府北里",1117,2163,999,1164,290,550,933,390,0.4619,0.5381,0.1341,0.2543,0.4313,0.1803
10407,"高雄市","鹽埕區港都里",561,1281,662,619,225,348,501,207,0.5168,0.4832,0.1756,0.2717,0.3911,0.1616
10407,"高雄市","鹽埕區光明里",782,1568,803,765,201,400,701,266,0.5121,0.4879,0.1282,0.2551,0.4471,0.1696
10407,"高雄市","鹽埕區河濱里",786,1934,976,958,286,563,788,297,0.5047,0.4953,0.1479,0.2911,0.4074,0.1536
10407,"高雄市","鹽埕區江南里",282,755,361,394,142,206,293,114,0.4781,0.5219,0.1881,0.2728,0.3881,0.151
10407,"高雄市","鹽埕區江西里",518,1244,600,644,172,350,535,187,0.4823,0.5177,0.1383,0.2814,0.4301,0.1503
10407,"高雄市","鹽埕區教仁里",993,2472,1256,1216,400,713,946,413,0.5081,0.4919,0.1618,0.2884,0.3827,0.1671
10407,"高雄市","鹽埕區瀨南里",310,667,324,343,79,176,273,139,0.4858,0.5142,0.1184,0.2639,0.4093,0.2084
10407,"高雄市","鹽埕區藍橋里",622,1556,799,757,308,411,647,190,0.5135,0.4865,0.1979,0.2641,0.4158,0.1221
10407,"高雄市","鹽埕區陸橋里",577,1420,726,694,203,393,573,251,0.5113,0.4887,0.143,0.2768,0.4035,0.1768
10407,"高雄市","鹽埕區南端里",454,1130,564,566,179,271,444,236,0.4991,0.5009,0.1584,0.2398,0.3929,0.2088
10407,"高雄市","鹽埕區沙地里",313,812,419,393,114,249,317,132,0.516,0.484,0.1404,0.3067,0.3904,0.1626
10407,"高雄市","鹽埕區壽星里",706,1507,734,773,199,375,669,264,0.4871,0.5129,0.1321,0.2488,0.4439,0.1752
10407,"高雄市","鹽埕區新豐里",448,987,490,497,210,280,362,135,0.4965,0.5035,0.2128,0.2837,0.3668,0.1368
10407,"高雄市","鹽埕區新化里",283,727,354,373,138,196,274,119,0.4869,0.5131,0.1898,0.2696,0.3769,0.1637
10407,"高雄市","鹽埕區新樂里",402,986,491,495,145,268,405,168,0.498,0.502,0.1471,0.2718,0.4108,0.1704
10407,"高雄市","鹽埕區育仁里",386,885,462,423,141,258,355,131,0.522,0.478,0.1593,0.2915,0.4011,0.148
10407,"高雄市","鹽埕區中山里",512,1251,648,603,190,341,483,237,0.518,0.482,0.1519,0.2726,0.3861,0.1894
10407,"高雄市","鹽埕區中原里",295,725,390,335,115,189,294,127,0.5379,0.4621,0.1586,0.2607,0.4055,0.1752
10407,"高雄市","燕巢區安招里",1244,4025,1724,2301,727,1106,1397,795,0.4283,0.5717,0.1806,0.2748,0.3471,0.1975
10407,"高雄市","燕巢區東燕里",840,2819,1375,1444,622,842,1000,355,0.4878,0.5122,0.2206,0.2987,0.3547,0.1259
10407,"高雄市","燕巢區鳳雄里",976,2769,1293,1476,467,835,1089,378,0.467,0.533,0.1687,0.3016,0.3933,0.1365
10407,"高雄市","燕巢區橫山里",831,2140,918,1222,333,633,876,298,0.429,0.571,0.1556,0.2958,0.4093,0.1393
10407,"高雄市","燕巢區尖山里",443,1280,618,662,193,335,513,239,0.4828,0.5172,0.1508,0.2617,0.4008,0.1867
10407,"高雄市","燕巢區角宿里",1072,3020,1449,1571,550,950,1220,300,0.4798,0.5202,0.1821,0.3146,0.404,0.0993
10407,"高雄市","燕巢區金山里",199,546,235,311,95,159,203,89,0.4304,0.5696,0.174,0.2912,0.3718,0.163
10407,"高雄市","燕巢區南燕里",1584,4351,2094,2257,913,1375,1590,473,0.4813,0.5187,0.2098,0.316,0.3654,0.1087
10407,"高雄市","燕巢區瓊林里",816,2438,1178,1260,457,773,939,269,0.4832,0.5168,0.1874,0.3171,0.3852,0.1103
10407,"高雄市","燕巢區深水里",1022,2924,1424,1500,471,830,1133,490,0.487,0.513,0.1611,0.2839,0.3875,0.1676
10407,"高雄市","燕巢區西燕里",1337,3927,1908,2019,804,1212,1431,480,0.4859,0.5141,0.2047,0.3086,0.3644,0.1222
10407,"高雄市","永安區保寧里",1187,2970,1473,1497,684,968,1054,264,0.496,0.504,0.2303,0.3259,0.3549,0.0889
10407,"高雄市","永安區維新里",1535,4012,2029,1983,903,1369,1411,329,0.5057,0.4943,0.2251,0.3412,0.3517,0.082
10407,"高雄市","永安區新港里",1160,2749,1380,1369,476,812,1162,299,0.502,0.498,0.1732,0.2954,0.4227,0.1088
10407,"高雄市","永安區鹽田里",208,439,206,233,73,121,180,65,0.4692,0.5308,0.1663,0.2756,0.41,0.1481
10407,"高雄市","永安區永安里",774,1787,880,907,289,561,688,249,0.4924,0.5076,0.1617,0.3139,0.385,0.1393
10407,"高雄市","永安區永華里",914,2152,1063,1089,402,630,835,285,0.494,0.506,0.1868,0.2928,0.388,0.1324
10407,"高雄市","梓官區赤東里",873,2575,1245,1330,393,863,1030,289,0.4835,0.5165,0.1526,0.3351,0.4,0.1122
10407,"高雄市","梓官區赤崁里",754,2194,1029,1165,384,733,824,253,0.469,0.531,0.175,0.3341,0.3756,0.1153
10407,"高雄市","梓官區赤西里",344,944,432,512,177,288,393,86,0.4576,0.5424,0.1875,0.3051,0.4163,0.0911
10407,"高雄市","梓官區大舍里",1455,4319,2054,2265,893,1399,1544,483,0.4756,0.5244,0.2068,0.3239,0.3575,0.1118
10407,"高雄市","梓官區典寶里",1259,3273,1591,1682,563,1019,1373,318,0.4861,0.5139,0.172,0.3113,0.4195,0.0972
10407,"高雄市","梓官區茄苳里",904,2687,1283,1404,437,909,1063,278,0.4775,0.5225,0.1626,0.3383,0.3956,0.1035
10407,"高雄市","梓官區禮蚵里",818,2472,1202,1270,400,782,984,306,0.4862,0.5138,0.1618,0.3163,0.3981,0.1238
10407,"高雄市","梓官區同安里",411,1195,574,621,250,379,425,141,0.4803,0.5197,0.2092,0.3172,0.3556,0.118
10407,"高雄市","梓官區信蚵里",915,2679,1285,1394,506,959,1009,205,0.4797,0.5203,0.1889,0.358,0.3766,0.0765
10407,"高雄市","梓官區智蚵里",1089,3273,1569,1704,558,1113,1293,309,0.4794,0.5206,0.1705,0.3401,0.3951,0.0944
10407,"高雄市","梓官區中崙里",481,1380,675,705,303,396,529,152,0.4891,0.5109,0.2196,0.287,0.3833,0.1101
10407,"高雄市","梓官區梓和里",912,2791,1401,1390,578,874,1013,326,0.502,0.498,0.2071,0.3131,0.363,0.1168
10407,"高雄市","梓官區梓平里",552,1741,865,876,388,564,627,162,0.4968,0.5032,0.2229,0.324,0.3601,0.093
10407,"高雄市","梓官區梓信里",891,2556,1241,1315,515,799,961,281,0.4855,0.5145,0.2015,0.3126,0.376,0.1099
10407,"高雄市","梓官區梓義里",885,2386,1171,1215,468,730,901,287,0.4908,0.5092,0.1961,0.306,0.3776,0.1203
10407,"高雄市","左營區菜公里",12680,34427,17938,16489,9905,9556,12843,2123,0.521,0.479,0.2877,0.2776,0.3731,0.0617
10407,"高雄市","左營區城南里",233,578,290,288,76,147,238,117,0.5017,0.4983,0.1315,0.2543,0.4118,0.2024
10407,"高雄市","左營區崇實里",1756,3686,1902,1784,741,1561,1146,238,0.516,0.484,0.201,0.4235,0.3109,0.0646
10407,"高雄市","左營區頂北里",274,615,306,309,75,168,252,120,0.4976,0.5024,0.122,0.2732,0.4098,0.1951
10407,"高雄市","左營區頂西里",459,1142,548,594,174,293,456,219,0.4799,0.5201,0.1524,0.2566,0.3993,0.1918
10407,"高雄市","左營區福山里",16046,42537,22319,20218,13212,12087,15108,2130,0.5247,0.4753,0.3106,0.2842,0.3552,0.0501
10407,"高雄市","左營區光輝里",1201,2904,1503,1401,527,815,1116,446,0.5176,0.4824,0.1815,0.2806,0.3843,0.1536
10407,"高雄市","左營區果峰里",857,1866,948,918,215,468,778,405,0.508,0.492,0.1152,0.2508,0.4169,0.217
10407,"高雄市","左營區果惠里",792,1704,902,802,215,436,738,315,0.5293,0.4707,0.1262,0.2559,0.4331,0.1849
10407,"高雄市","左營區果貿里",1472,3102,1644,1458,395,888,1206,613,0.53,0.47,0.1273,0.2863,0.3888,0.1976
10407,"高雄市","左營區海勝里",2792,6576,3398,3178,960,1605,2655,1356,0.5167,0.4833,0.146,0.2441,0.4037,0.2062
10407,"高雄市","左營區合群里",1134,2643,1294,1349,243,580,1022,798,0.4896,0.5104,0.0919,0.2194,0.3867,0.3019
10407,"高雄市","左營區進學里",1603,2793,1216,1577,301,663,1425,404,0.4354,0.5646,0.1078,0.2374,0.5102,0.1446
10407,"高雄市","左營區莒光里",785,2011,1004,1007,337,562,768,344,0.4993,0.5007,0.1676,0.2795,0.3819,0.1711
10407,"高雄市","左營區路東里",319,835,390,445,145,210,343,137,0.4671,0.5329,0.1737,0.2515,0.4108,0.1641
10407,"高雄市","左營區廟北里",458,1037,494,543,135,310,392,200,0.4764,0.5236,0.1302,0.2989,0.378,0.1929
10407,"高雄市","左營區廟東里",378,959,438,521,137,270,397,155,0.4567,0.5433,0.1429,0.2815,0.414,0.1616
10407,"高雄市","左營區明建里",456,999,503,496,195,324,347,133,0.5035,0.4965,0.1952,0.3243,0.3473,0.1331
10407,"高雄市","左營區埤北里",783,1487,699,788,142,315,707,323,0.4701,0.5299,0.0955,0.2118,0.4755,0.2172
10407,"高雄市","左營區埤東里",542,1224,576,648,227,294,461,242,0.4706,0.5294,0.1855,0.2402,0.3766,0.1977
10407,"高雄市","左營區埤西里",447,1057,508,549,120,283,435,219,0.4806,0.5194,0.1135,0.2677,0.4115,0.2072
10407,"高雄市","左營區屏山里",898,1849,963,886,256,437,810,346,0.5208,0.4792,0.1385,0.2363,0.4381,0.1871
10407,"高雄市","左營區廍北里",222,512,240,272,79,137,194,102,0.4688,0.5312,0.1543,0.2676,0.3789,0.1992
10407,"高雄市","左營區廍南里",303,709,325,384,91,193,290,135,0.4584,0.5416,0.1283,0.2722,0.409,0.1904
10407,"高雄市","左營區聖后里",377,864,417,447,108,226,365,165,0.4826,0.5174,0.125,0.2616,0.4225,0.191
10407,"高雄市","左營區聖南里",219,633,309,324,111,187,234,101,0.4882,0.5118,0.1754,0.2954,0.3697,0.1596
10407,"高雄市","左營區聖西里",173,381,162,219,40,112,153,76,0.4252,0.5748,0.105,0.294,0.4016,0.1995
10407,"高雄市","左營區尾北里",1582,3857,1869,1988,635,1157,1515,550,0.4846,0.5154,0.1646,0.3,0.3928,0.1426
10407,"高雄市","左營區尾南里",372,824,398,426,110,201,341,172,0.483,0.517,0.1335,0.2439,0.4138,0.2087
10407,"高雄市","左營區尾西里",479,1223,610,613,175,318,480,250,0.4988,0.5012,0.1431,0.26,0.3925,0.2044
10407,"高雄市","左營區祥和里",228,445,220,225,64,61,192,128,0.4944,0.5056,0.1438,0.1371,0.4315,0.2876
10407,"高雄市","左營區新光里",6005,16120,8398,7722,4483,4373,6096,1168,0.521,0.479,0.2781,0.2713,0.3782,0.0725
10407,"高雄市","左營區新上里",11831,30240,15977,14263,7494,8398,12030,2318,0.5283,0.4717,0.2478,0.2777,0.3978,0.0767
10407,"高雄市","左營區新下里",6022,15160,7982,7178,3608,4129,6014,1409,0.5265,0.4735,0.238,0.2724,0.3967,0.0929
10407,"高雄市","左營區新中里",2033,5956,2978,2978,1377,1726,2242,611,0.5,0.5,0.2312,0.2898,0.3764,0.1026
10407,"高雄市","左營區永清里",497,1254,595,659,382,495,248,129,0.4745,0.5255,0.3046,0.3947,0.1978,0.1029
10407,"高雄市","左營區中北里",284,724,368,356,112,182,282,148,0.5083,0.4917,0.1547,0.2514,0.3895,0.2044
10407,"高雄市","左營區中南里",256,609,262,347,83,168,239,119,0.4302,0.5698,0.1363,0.2759,0.3924,0.1954
10407,"高雄市","左營區自助里",192,450,214,236,66,150,183,51,0.4756,0.5244,0.1467,0.3333,0.4067,0.1133
